Date,County,Total_Cases,Negatives,Deaths
5/1/20,Adams,140,1566,4
5/1/20,Allegheny,1319,16107,99
5/1/20,Armstrong,52,683,2
5/1/20,Beaver,426,2085,67
5/1/20,Bedford,24,202,1
5/1/20,Berks,2748,5620,117
5/1/20,Blair,23,979,0
5/1/20,Bradford,33,693,2
5/1/20,Bucks,3055,8560,225
5/1/20,Butler,180,2208,6
5/1/20,Cambria,31,1227,1
5/1/20,Cameron,1,50,0
5/1/20,Carbon,181,1068,15
5/1/20,Centre,96,923,1
5/1/20,Chester,1432,5440,111
5/1/20,Clarion,23,489,1
5/1/20,Clearfield,16,436,0
5/1/20,Clinton,32,242,0
5/1/20,Columbia,289,620,13
5/1/20,Crawford,19,689,0
5/1/20,Cumberland,349,1519,17
5/1/20,Dauphin,601,3618,25
5/1/20,Delaware,3848,9064,240
5/1/20,Elk,3,159,0
5/1/20,Erie,87,1912,2
5/1/20,Fayette,81,1794,4
5/1/20,Forest,7,30,0
5/1/20,Franklin,313,2940,7
5/1/20,Fulton,5,84,0
5/1/20,Greene,26,421,0
5/1/20,Huntingdon,40,283,0
5/1/20,Indiana,63,726,4
5/1/20,Jefferson,4,316,0
5/1/20,Juniata,84,148,1
5/1/20,Lackawanna,934,2505,83
5/1/20,Lancaster,1820,7809,106
5/1/20,Lawrence,65,736,6
5/1/20,Lebanon,694,2631,9
5/1/20,Lehigh,2850,7305,80
5/1/20,Luzerne,2173,5009,92
5/1/20,Lycoming,71,1119,1
5/1/20,McKean,6,167,0
5/1/20,Mercer,65,744,1
5/1/20,Mifflin,37,685,0
5/1/20,Monroe,1147,2735,54
5/1/20,Montgomery,4406,17509,362
5/1/20,Montour,48,2958,0
5/1/20,Northampton,2103,6381,94
5/1/20,Northumberland,95,584,0
5/1/20,Perry,32,219,1
5/1/20,Philadelphia,12544,28278,424
5/1/20,Pike,383,1227,15
5/1/20,Potter,4,82,0
5/1/20,Schuylkill,375,2069,6
5/1/20,Snyder,33,201,1
5/1/20,Somerset,26,596,0
5/1/20,Sullivan,1,32,0
5/1/20,Susquehanna,84,281,8
5/1/20,Tioga,16,251,1
5/1/20,Union,37,543,0
5/1/20,Venango,7,251,0
5/1/20,Warren,1,175,0
5/1/20,Washington,116,2103,2
5/1/20,Wayne,102,524,5
5/1/20,Westmoreland,393,4596,25
5/1/20,Wyoming,21,160,2
5/1/20,York,651,7111,11
4/30/20,Adams,137,1531,4
4/30/20,Allegheny,1289,15815,94
4/30/20,Armstrong,51,675,2
4/30/20,Beaver,405,2055,65
4/30/20,Bedford,24,193,1
4/30/20,Berks,2698,5471,117
4/30/20,Blair,23,958,0
4/30/20,Bradford,31,678,2
4/30/20,Bucks,2870,8232,205
4/30/20,Butler,178,2170,6
4/30/20,Cambria,28,1169,1
4/30/20,Cameron,1,49,0
4/30/20,Carbon,175,1042,15
4/30/20,Centre,96,895,1
4/30/20,Chester,1375,5249,111
4/30/20,Clarion,23,480,1
4/30/20,Clearfield,16,423,0
4/30/20,Clinton,31,238,0
4/30/20,Columbia,283,597,13
4/30/20,Crawford,19,687,0
4/30/20,Cumberland,343,1449,16
4/30/20,Dauphin,584,3515,25
4/30/20,Delaware,3696,8677,235
4/30/20,Elk,3,156,0
4/30/20,Erie,87,1892,2
4/30/20,Fayette,80,1765,4
4/30/20,Forest,7,29,0
4/30/20,Franklin,284,2813,6
4/30/20,Fulton,5,83,0
4/30/20,Greene,26,419,0
4/30/20,Huntingdon,38,274,0
4/30/20,Indiana,63,693,4
4/30/20,Jefferson,4,311,0
4/30/20,Juniata,83,139,1
4/30/20,Lackawanna,913,2409,82
4/30/20,Lancaster,1765,7590,104
4/30/20,Lawrence,65,724,6
4/30/20,Lebanon,676,2535,9
4/30/20,Lehigh,2796,7138,74
4/30/20,Luzerne,2143,4849,88
4/30/20,Lycoming,68,1098,0
4/30/20,McKean,6,162,0
4/30/20,Mercer,65,715,1
4/30/20,Mifflin,38,665,0
4/30/20,Monroe,1127,2652,54
4/30/20,Montgomery,4307,17072,351
4/30/20,Montour,47,2957,0
4/30/20,Northampton,2050,6247,94
4/30/20,Northumberland,93,553,0
4/30/20,Perry,30,213,1
4/30/20,Philadelphia,12297,27510,424
4/30/20,Pike,378,1208,14
4/30/20,Potter,4,80,0
4/30/20,Schuylkill,368,1986,6
4/30/20,Snyder,33,192,1
4/30/20,Somerset,26,581,0
4/30/20,Sullivan,1,31,0
4/30/20,Susquehanna,84,272,8
4/30/20,Tioga,16,246,1
4/30/20,Union,36,527,0
4/30/20,Venango,7,246,0
4/30/20,Warren,1,170,0
4/30/20,Washington,115,2079,2
4/30/20,Wayne,100,511,5
4/30/20,Westmoreland,391,4447,25
4/30/20,Wyoming,20,150,2
4/30/20,York,641,6965,9
4/29/20,Adams,130,1481,4
4/29/20,Allegheny,1273,15426,86
4/29/20,Armstrong,50,647,2
4/29/20,Beaver,392,2007,65
4/29/20,Bedford,24,177,1
4/29/20,Berks,2637,5313,116
4/29/20,Blair,23,937,0
4/29/20,Bradford,29,616,2
4/29/20,Bucks,2733,7915,185
4/29/20,Butler,175,2140,6
4/29/20,Cambria,25,1056,1
4/29/20,Cameron,1,49,0
4/29/20,Carbon,170,1006,14
4/29/20,Centre,95,878,1
4/29/20,Chester,1304,5070,101
4/29/20,Clarion,23,477,1
4/29/20,Clearfield,14,414,0
4/29/20,Clinton,30,222,0
4/29/20,Columbia,283,574,14
4/29/20,Crawford,19,678,0
4/29/20,Cumberland,324,1375,15
4/29/20,Dauphin,558,3418,21
4/29/20,Delaware,3619,8429,224
4/29/20,Elk,3,153,0
4/29/20,Erie,87,1850,2
4/29/20,Fayette,80,1716,4
4/29/20,Forest,7,29,0
4/29/20,Franklin,264,2746,6
4/29/20,Fulton,5,81,0
4/29/20,Greene,26,407,0
4/29/20,Huntingdon,29,255,0
4/29/20,Indiana,63,647,4
4/29/20,Jefferson,4,310,0
4/29/20,Juniata,82,130,1
4/29/20,Lackawanna,873,2288,81
4/29/20,Lancaster,1703,7423,103
4/29/20,Lawrence,64,711,6
4/29/20,Lebanon,648,2493,9
4/29/20,Lehigh,2719,6973,72
4/29/20,Luzerne,2111,4635,82
4/29/20,Lycoming,61,1061,0
4/29/20,McKean,6,162,0
4/29/20,Mercer,65,707,1
4/29/20,Mifflin,36,647,0
4/29/20,Monroe,1111,2583,54
4/29/20,Montgomery,4177,16694,329
4/29/20,Montour,47,2955,0
4/29/20,Northampton,2008,6092,85
4/29/20,Northumberland,92,518,0
4/29/20,Perry,30,204,1
4/29/20,Philadelphia,11885,26601,424
4/29/20,Pike,369,1170,14
4/29/20,Potter,4,77,0
4/29/20,Schuylkill,343,1912,5
4/29/20,Snyder,33,185,1
4/29/20,Somerset,26,539,0
4/29/20,Sullivan,1,30,0
4/29/20,Susquehanna,81,256,8
4/29/20,Tioga,14,233,1
4/29/20,Union,33,514,0
4/29/20,Venango,7,245,0
4/29/20,Warren,1,168,0
4/29/20,Washington,113,2033,2
4/29/20,Wayne,95,496,5
4/29/20,Westmoreland,386,4378,25
4/29/20,Wyoming,19,145,2
4/29/20,York,624,6761,9
4/28/20,Adams,124,1454,1
4/28/20,Allegheny,1235,15004,87
4/28/20,Armstrong,50,624,2
4/28/20,Beaver,388,1905,59
4/28/20,Bedford,22,169,1
4/28/20,Berks,2605,5231,91
4/28/20,Blair,21,903,0
4/28/20,Bradford,28,555,2
4/28/20,Bucks,2643,7661,164
4/28/20,Butler,174,2066,6
4/28/20,Cambria,22,986,1
4/28/20,Cameron,1,46,0
4/28/20,Carbon,169,966,13
4/28/20,Centre,93,850,1
4/28/20,Chester,1256,4983,85
4/28/20,Clarion,23,466,1
4/28/20,Clearfield,11,399,0
4/28/20,Clinton,29,206,0
4/28/20,Columbia,279,540,8
4/28/20,Crawford,19,658,0
4/28/20,Cumberland,296,1339,10
4/28/20,Dauphin,553,3322,20
4/28/20,Delaware,3463,8127,161
4/28/20,Elk,3,148,0
4/28/20,Erie,86,1770,2
4/28/20,Fayette,79,1682,4
4/28/20,Forest,7,27,0
4/28/20,Franklin,237,2695,4
4/28/20,Fulton,3,75,0
4/28/20,Greene,26,395,0
4/28/20,Huntingdon,26,242,0
4/28/20,Indiana,62,613,4
4/28/20,Jefferson,4,308,0
4/28/20,Juniata,81,122,0
4/28/20,Lackawanna,854,2197,71
4/28/20,Lancaster,1678,7297,78
4/28/20,Lawrence,63,681,5
4/28/20,Lebanon,635,2444,8
4/28/20,Lehigh,2685,6883,64
4/28/20,Luzerne,2078,4508,74
4/28/20,Lycoming,58,1034,0
4/28/20,McKean,5,158,0
4/28/20,Mercer,66,673,1
4/28/20,Mifflin,34,640,0
4/28/20,Monroe,1097,2482,48
4/28/20,Montgomery,4043,16236,249
4/28/20,Montour,47,2948,0
4/28/20,Northampton,1970,5957,55
4/28/20,Northumberland,92,495,0
4/28/20,Perry,27,196,1
4/28/20,Philadelphia,11604,25733,276
4/28/20,Pike,362,1146,12
4/28/20,Potter,4,75,0
4/28/20,Schuylkill,330,1868,5
4/28/20,Snyder,33,181,1
4/28/20,Somerset,26,518,0
4/28/20,Sullivan,1,29,0
4/28/20,Susquehanna,82,248,4
4/28/20,Tioga,14,216,1
4/28/20,Union,33,510,0
4/28/20,Venango,7,235,0
4/28/20,Warren,1,165,0
4/28/20,Washington,109,1985,2
4/28/20,Wayne,93,490,3
4/28/20,Westmoreland,383,4280,20
4/28/20,Wyoming,18,135,2
4/28/20,York,614,6644,9
4/27/20,Adams,122,1434,1
4/27/20,Allegheny,1224,14765,79
4/27/20,Armstrong,47,606,2
4/27/20,Beaver,387,1898,46
4/27/20,Bedford,21,162,1
4/27/20,Berks,2526,5072,89
4/27/20,Blair,21,886,0
4/27/20,Bradford,28,522,2
4/27/20,Bucks,2585,7497,148
4/27/20,Butler,170,2041,6
4/27/20,Cambria,21,938,1
4/27/20,Cameron,1,45,0
4/27/20,Carbon,164,948,12
4/27/20,Centre,87,831,1
4/27/20,Chester,1214,4895,81
4/27/20,Clarion,22,464,1
4/27/20,Clearfield,11,395,0
4/27/20,Clinton,25,193,0
4/27/20,Columbia,277,510,7
4/27/20,Crawford,19,630,0
4/27/20,Cumberland,282,1275,9
4/27/20,Dauphin,529,3158,21
4/27/20,Delaware,3361,7957,142
4/27/20,Elk,3,148,0
4/27/20,Erie,81,1621,0
4/27/20,Fayette,79,1648,4
4/27/20,Forest,7,26,0
4/27/20,Franklin,227,2630,2
4/27/20,Fulton,3,74,0
4/27/20,Greene,25,393,0
4/27/20,Huntingdon,24,233,0
4/27/20,Indiana,63,598,4
4/27/20,Jefferson,4,305,0
4/27/20,Juniata,79,117,0
4/27/20,Lackawanna,833,2107,63
4/27/20,Lancaster,1633,7125,75
4/27/20,Lawrence,63,667,5
4/27/20,Lebanon,621,2397,7
4/27/20,Lehigh,2636,6805,56
4/27/20,Luzerne,2035,4362,71
4/27/20,Lycoming,57,1010,0
4/27/20,McKean,5,155,0
4/27/20,Mercer,65,664,1
4/27/20,Mifflin,30,622,0
4/27/20,Monroe,1083,2441,46
4/27/20,Montgomery,3817,15022,232
4/27/20,Montour,48,2942,0
4/27/20,Northampton,1834,5843,49
4/27/20,Northumberland,90,473,0
4/27/20,Perry,26,182,1
4/27/20,Philadelphia,11361,25299,274
4/27/20,Pike,352,1120,12
4/27/20,Potter,4,73,0
4/27/20,Schuylkill,324,1825,5
4/27/20,Snyder,33,177,1
4/27/20,Somerset,25,503,0
4/27/20,Sullivan,1,26,0
4/27/20,Susquehanna,81,241,4
4/27/20,Tioga,14,212,1
4/27/20,Union,31,491,0
4/27/20,Venango,7,231,0
4/27/20,Warren,1,160,0
4/27/20,Washington,107,1970,2
4/27/20,Wayne,93,487,3
4/27/20,Westmoreland,377,4188,19
4/27/20,Wyoming,18,128,2
4/27/20,York,606,6509,9
4/26/20,Adams,117,1408,1
4/26/20,Allegheny,1211,14399,73
4/26/20,Armstrong,46,602,2
4/26/20,Beaver,366,1864,46
4/26/20,Bedford,21,158,1
4/26/20,Berks,2491,4954,88
4/26/20,Blair,21,868,0
4/26/20,Bradford,28,516,2
4/26/20,Bucks,2504,7265,141
4/26/20,Butler,170,2030,6
4/26/20,Cambria,21,912,1
4/26/20,Cameron,1,38,0
4/26/20,Carbon,163,925,12
4/26/20,Centre,81,811,1
4/26/20,Chester,1177,4756,82
4/26/20,Clarion,22,463,1
4/26/20,Clearfield,11,383,0
4/26/20,Clinton,21,174,0
4/26/20,Columbia,269,469,7
4/26/20,Crawford,19,628,0
4/26/20,Cumberland,267,1230,8
4/26/20,Dauphin,519,3063,18
4/26/20,Delaware,3281,7815,141
4/26/20,Elk,3,147,0
4/26/20,Erie,77,1556,0
4/26/20,Fayette,79,1622,4
4/26/20,Forest,7,26,0
4/26/20,Franklin,205,2576,2
4/26/20,Fulton,3,72,0
4/26/20,Greene,25,392,0
4/26/20,Huntingdon,22,228,0
4/26/20,Indiana,63,590,4
4/26/20,Jefferson,4,297,0
4/26/20,Juniata,78,111,0
4/26/20,Lackawanna,793,2025,63
4/26/20,Lancaster,1577,6911,74
4/26/20,Lawrence,61,644,5
4/26/20,Lebanon,612,2339,7
4/26/20,Lehigh,2601,6694,51
4/26/20,Luzerne,2008,4238,67
4/26/20,Lycoming,55,980,0
4/26/20,McKean,5,150,0
4/26/20,Mercer,65,637,1
4/26/20,Mifflin,27,609,0
4/26/20,Monroe,1065,2376,45
4/26/20,Montgomery,3733,14668,217
4/26/20,Montour,47,2940,0
4/26/20,Northampton,1813,5768,49
4/26/20,Northumberland,90,453,0
4/26/20,Perry,26,176,1
4/26/20,Philadelphia,11152,24646,272
4/26/20,Pike,349,1106,12
4/26/20,Potter,4,72,0
4/26/20,Schuylkill,321,1803,5
4/26/20,Snyder,33,172,1
4/26/20,Somerset,25,486,0
4/26/20,Sullivan,1,27,0
4/26/20,Susquehanna,79,235,4
4/26/20,Tioga,14,205,1
4/26/20,Union,31,478,0
4/26/20,Venango,7,226,0
4/26/20,Warren,1,150,0
4/26/20,Washington,101,1865,2
4/26/20,Wayne,92,468,3
4/26/20,Westmoreland,374,4086,19
4/26/20,Wyoming,17,121,2
4/26/20,York,593,6326,8
4/25/20,Adams,113,1371,1
4/25/20,Allegheny,1198,13961,73
4/25/20,Armstrong,46,593,2
4/25/20,Beaver,359,1831,46
4/25/20,Bedford,21,148,1
4/25/20,Berks,2406,4759,88
4/25/20,Blair,21,848,0
4/25/20,Bradford,28,505,2
4/25/20,Bucks,2421,7046,136
4/25/20,Butler,168,2016,6
4/25/20,Cambria,21,848,1
4/25/20,Cameron,1,33,0
4/25/20,Carbon,162,896,12
4/25/20,Centre,81,793,1
4/25/20,Chester,1134,4614,82
4/25/20,Clarion,22,454,1
4/25/20,Clearfield,11,379,0
4/25/20,Clinton,18,160,0
4/25/20,Columbia,257,386,7
4/25/20,Crawford,19,616,0
4/25/20,Cumberland,250,1167,8
4/25/20,Dauphin,492,2950,18
4/25/20,Delaware,3161,7492,140
4/25/20,Elk,2,142,0
4/25/20,Erie,79,1533,0
4/25/20,Fayette,79,1584,4
4/25/20,Forest,7,24,0
4/25/20,Franklin,181,2516,1
4/25/20,Fulton,3,65,0
4/25/20,Greene,25,384,0
4/25/20,Huntingdon,22,225,0
4/25/20,Indiana,63,564,4
4/25/20,Jefferson,4,288,0
4/25/20,Juniata,77,102,0
4/25/20,Lackawanna,772,1943,63
4/25/20,Lancaster,1501,6692,74
4/25/20,Lawrence,61,634,5
4/25/20,Lebanon,592,2283,7
4/25/20,Lehigh,2551,6536,50
4/25/20,Luzerne,1962,4079,66
4/25/20,Lycoming,53,950,0
4/25/20,McKean,5,149,0
4/25/20,Mercer,64,621,1
4/25/20,Mifflin,26,595,0
4/25/20,Monroe,1054,2290,44
4/25/20,Montgomery,3627,14240,214
4/25/20,Montour,47,2939,0
4/25/20,Northampton,1780,5643,49
4/25/20,Northumberland,87,423,0
4/25/20,Perry,26,168,1
4/25/20,Philadelphia,10893,24078,272
4/25/20,Pike,347,1093,12
4/25/20,Potter,4,72,0
4/25/20,Schuylkill,311,1732,5
4/25/20,Snyder,32,165,1
4/25/20,Somerset,25,467,0
4/25/20,Sullivan,1,27,0
4/25/20,Susquehanna,77,222,4
4/25/20,Tioga,14,200,1
4/25/20,Union,31,467,0
4/25/20,Venango,7,222,0
4/25/20,Warren,1,149,0
4/25/20,Washington,99,1817,2
4/25/20,Wayne,92,459,3
4/25/20,Westmoreland,360,3969,19
4/25/20,Wyoming,17,110,2
4/25/20,York,578,6159,8
4/24/20,Adams,110,1329,1
4/24/20,Allegheny,1177,13200,71
4/24/20,Armstrong,43,574,2
4/24/20,Beaver,337,1798,46
4/24/20,Bedford,21,144,1
4/24/20,Berks,2339,4590,87
4/24/20,Blair,19,740,0
4/24/20,Bradford,28,489,2
4/24/20,Bucks,2283,6747,128
4/24/20,Butler,168,1978,6
4/24/20,Cambria,20,829,1
4/24/20,Cameron,1,23,0
4/24/20,Carbon,160,865,12
4/24/20,Centre,77,762,1
4/24/20,Chester,1064,4496,77
4/24/20,Clarion,22,450,1
4/24/20,Clearfield,11,370,0
4/24/20,Clinton,17,152,0
4/24/20,Columbia,252,365,7
4/24/20,Crawford,19,611,0
4/24/20,Cumberland,240,1113,8
4/24/20,Dauphin,468,2831,19
4/24/20,Delaware,3055,7229,129
4/24/20,Elk,2,133,0
4/24/20,Erie,72,1492,0
4/24/20,Fayette,75,1527,4
4/24/20,Forest,7,24,0
4/24/20,Franklin,164,2452,1
4/24/20,Fulton,2,63,0
4/24/20,Greene,25,364,0
4/24/20,Huntingdon,20,215,0
4/24/20,Indiana,62,538,4
4/24/20,Jefferson,4,287,0
4/24/20,Juniata,77,92,0
4/24/20,Lackawanna,735,1840,61
4/24/20,Lancaster,1451,6549,74
4/24/20,Lawrence,61,621,5
4/24/20,Lebanon,575,2209,6
4/24/20,Lehigh,2478,6344,49
4/24/20,Luzerne,1921,3910,62
4/24/20,Lycoming,48,919,0
4/24/20,McKean,5,144,0
4/24/20,Mercer,64,613,1
4/24/20,Mifflin,26,588,0
4/24/20,Monroe,1037,2230,44
4/24/20,Montgomery,3525,13823,208
4/24/20,Montour,47,2937,0
4/24/20,Northampton,1716,5498,46
4/24/20,Northumberland,84,392,0
4/24/20,Perry,25,158,1
4/24/20,Philadelphia,10507,23079,272
4/24/20,Pike,338,1058,12
4/24/20,Potter,4,70,0
4/24/20,Schuylkill,300,1666,5
4/24/20,Snyder,31,158,1
4/24/20,Somerset,22,457,0
4/24/20,Sullivan,1,26,0
4/24/20,Susquehanna,76,212,4
4/24/20,Tioga,14,197,1
4/24/20,Union,31,461,0
4/24/20,Venango,7,215,0
4/24/20,Warren,1,149,0
4/24/20,Washington,96,1766,2
4/24/20,Wayne,88,448,3
4/24/20,Westmoreland,317,3846,17
4/24/20,Wyoming,17,100,2
4/24/20,York,563,5936,8
4/23/20,Adams,95,1286,1
4/23/20,Allegheny,1149,12625,69
4/23/20,Armstrong,43,552,2
4/23/20,Beaver,319,1667,46
4/23/20,Bedford,20,129,1
4/23/20,Berks,2212,4408,86
4/23/20,Blair,15,675,0
4/23/20,Bradford,28,466,2
4/23/20,Bucks,2131,6414,116
4/23/20,Butler,164,1944,6
4/23/20,Cambria,20,760,1
4/23/20,Cameron,1,23,0
4/23/20,Carbon,155,837,9
4/23/20,Centre,76,718,1
4/23/20,Chester,989,4322,64
4/23/20,Clarion,20,391,1
4/23/20,Clearfield,11,357,0
4/23/20,Clinton,14,138,0
4/23/20,Columbia,245,332,7
4/23/20,Crawford,19,559,0
4/23/20,Cumberland,229,1053,7
4/23/20,Dauphin,445,2733,16
4/23/20,Delaware,2902,6967,119
4/23/20,Elk,2,129,0
4/23/20,Erie,68,1416,0
4/23/20,Fayette,71,1475,3
4/23/20,Forest,7,21,0
4/23/20,Franklin,151,2367,1
4/23/20,Fulton,2,58,0
4/23/20,Greene,25,358,0
4/23/20,Huntingdon,20,207,0
4/23/20,Indiana,59,488,4
4/23/20,Jefferson,4,273,0
4/23/20,Juniata,77,82,0
4/23/20,Lackawanna,707,1762,58
4/23/20,Lancaster,1359,6267,72
4/23/20,Lawrence,61,585,5
4/23/20,Lebanon,544,2128,6
4/23/20,Lehigh,2418,6205,43
4/23/20,Luzerne,1880,3733,58
4/23/20,Lycoming,44,876,0
4/23/20,McKean,5,141,0
4/23/20,Mercer,60,560,1
4/23/20,Mifflin,24,573,0
4/23/20,Monroe,1024,2167,42
4/23/20,Montgomery,3395,13442,204
4/23/20,Montour,47,2941,0
4/23/20,Northampton,1656,5341,45
4/23/20,Northumberland,82,355,0
4/23/20,Perry,23,145,1
4/23/20,Philadelphia,10090,22384,271
4/23/20,Pike,327,1031,12
4/23/20,Potter,4,68,0
4/23/20,Schuylkill,290,1600,5
4/23/20,Snyder,31,154,1
4/23/20,Somerset,20,427,0
4/23/20,Sullivan,1,25,0
4/23/20,Susquehanna,72,198,4
4/23/20,Tioga,14,191,1
4/23/20,Union,30,447,0
4/23/20,Venango,7,199,0
4/23/20,Warren,1,138,0
4/23/20,Washington,92,1722,2
4/23/20,Wayne,87,430,3
4/23/20,Westmoreland,307,3801,17
4/23/20,Wyoming,17,90,1
4/23/20,York,546,5705,7
4/22/20,Adams,92,1254,2
4/22/20,Allegheny,1088,11959,74
4/22/20,Armstrong,39,505,2
4/22/20,Beaver,317,1638,47
4/22/20,Bedford,16,112,1
4/22/20,Berks,2069,4139,85
4/22/20,Blair,14,650,0
4/22/20,Bradford,29,457,5
4/22/20,Bucks,2004,6108,126
4/22/20,Butler,164,1876,7
4/22/20,Cambria,21,642,2
4/22/20,Cameron,1,19,0
4/22/20,Carbon,154,814,11
4/22/20,Centre,76,618,2
4/22/20,Chester,950,4178,67
4/22/20,Clarion,19,384,1
4/22/20,Clearfield,11,337,0
4/22/20,Clinton,13,125,0
4/22/20,Columbia,239,279,7
4/22/20,Crawford,17,555,0
4/22/20,Cumberland,207,990,6
4/22/20,Dauphin,422,2599,13
4/22/20,Delaware,2757,6737,123
4/22/20,Elk,2,120,0
4/22/20,Erie,62,1351,0
4/22/20,Fayette,70,1394,3
4/22/20,Forest,7,20,0
4/22/20,Franklin,152,2280,10
4/22/20,Fulton,2,58,0
4/22/20,Greene,25,347,0
4/22/20,Huntingdon,15,198,0
4/22/20,Indiana,56,459,4
4/22/20,Jefferson,3,262,0
4/22/20,Juniata,73,76,0
4/22/20,Lackawanna,682,1661,57
4/22/20,Lancaster,1326,6104,86
4/22/20,Lawrence,61,550,6
4/22/20,Lebanon,535,2065,8
4/22/20,Lehigh,2374,6043,49
4/22/20,Luzerne,1848,3569,60
4/22/20,Lycoming,43,853,2
4/22/20,McKean,5,138,0
4/22/20,Mercer,59,538,1
4/22/20,Mifflin,22,540,0
4/22/20,Monroe,1015,2131,48
4/22/20,Montgomery,3294,12961,230
4/22/20,Montour,47,2938,0
4/22/20,Northampton,1591,5141,44
4/22/20,Northumberland,77,324,0
4/22/20,Perry,23,134,1
4/22/20,Philadelphia,9696,21464,365
4/22/20,Pike,317,1006,12
4/22/20,Potter,4,65,0
4/22/20,Schuylkill,283,1560,7
4/22/20,Snyder,31,143,1
4/22/20,Somerset,19,381,0
4/22/20,Sullivan,1,24,0
4/22/20,Susquehanna,71,185,4
4/22/20,Tioga,15,184,2
4/22/20,Union,30,429,0
4/22/20,Venango,6,191,0
4/22/20,Warren,2,137,1
4/22/20,Washington,87,1616,2
4/22/20,Wayne,86,408,3
4/22/20,Westmoreland,300,3581,20
4/22/20,Wyoming,17,83,1
4/22/20,York,531,5585,14
4/21/20,Adams,91,1237,2
4/21/20,Allegheny,1059,11611,67
4/21/20,Armstrong,38,474,2
4/21/20,Beaver,303,1628,43
4/21/20,Bedford,16,109,1
4/21/20,Berks,1988,4011,82
4/21/20,Blair,14,646,0
4/21/20,Bradford,31,408,5
4/21/20,Bucks,1917,5884,116
4/21/20,Butler,162,1840,6
4/21/20,Cambria,20,567,2
4/21/20,Cameron,1,19,0
4/21/20,Carbon,150,793,11
4/21/20,Centre,77,605,2
4/21/20,Chester,919,4075,65
4/21/20,Clarion,18,382,1
4/21/20,Clearfield,11,331,0
4/21/20,Clinton,11,114,0
4/21/20,Columbia,225,220,8
4/21/20,Crawford,17,554,0
4/21/20,Cumberland,194,935,6
4/21/20,Dauphin,400,2448,11
4/21/20,Delaware,2654,6540,118
4/21/20,Elk,2,119,0
4/21/20,Erie,60,1340,0
4/21/20,Fayette,69,1376,3
4/21/20,Forest,7,21,0
4/21/20,Franklin,143,2244,10
4/21/20,Fulton,2,55,0
4/21/20,Greene,25,332,0
4/21/20,Huntingdon,13,182,0
4/21/20,Indiana,55,453,4
4/21/20,Jefferson,3,258,0
4/21/20,Juniata,72,71,0
4/21/20,Lackawanna,666,1612,53
4/21/20,Lancaster,1295,5956,88
4/21/20,Lawrence,60,537,6
4/21/20,Lebanon,525,2033,8
4/21/20,Lehigh,2295,5883,49
4/21/20,Luzerne,1800,3449,50
4/21/20,Lycoming,42,796,2
4/21/20,McKean,5,132,0
4/21/20,Mercer,59,519,1
4/21/20,Mifflin,21,527,0
4/21/20,Monroe,995,2088,46
4/21/20,Montgomery,3154,12482,223
4/21/20,Montour,47,2933,0
4/21/20,Northampton,1544,5004,43
4/21/20,Northumberland,77,288,0
4/21/20,Perry,20,126,1
4/21/20,Philadelphia,9391,20817,363
4/21/20,Pike,314,1001,12
4/21/20,Potter,4,61,0
4/21/20,Schuylkill,277,1501,7
4/21/20,Snyder,30,133,1
4/21/20,Somerset,19,361,0
4/21/20,Sullivan,1,24,0
4/21/20,Susquehanna,71,182,4
4/21/20,Tioga,15,177,2
4/21/20,Union,29,424,0
4/21/20,Venango,6,190,0
4/21/20,Warren,2,137,1
4/21/20,Washington,86,1577,2
4/21/20,Wayne,86,403,3
4/21/20,Westmoreland,291,3529,20
4/21/20,Wyoming,17,78,1
4/21/20,York,517,5481,13
4/20/20,Adams,85,1208,1
4/20/20,Allegheny,1042,11348,55
4/20/20,Armstrong,38,459,2
4/20/20,Beaver,298,1621,36
4/20/20,Bedford,15,103,1
4/20/20,Berks,1945,3948,74
4/20/20,Blair,14,637,0
4/20/20,Bradford,25,391,1
4/20/20,Bucks,1812,5742,90
4/20/20,Butler,161,1801,5
4/20/20,Cambria,19,499,1
4/20/20,Cameron,1,19,0
4/20/20,Carbon,144,781,9
4/20/20,Centre,73,605,1
4/20/20,Chester,883,3994,44
4/20/20,Clarion,18,376,1
4/20/20,Clearfield,11,327,0
4/20/20,Clinton,11,109,0
4/20/20,Columbia,208,194,7
4/20/20,Crawford,16,549,0
4/20/20,Cumberland,186,904,4
4/20/20,Dauphin,386,2396,9
4/20/20,Delaware,2484,6398,99
4/20/20,Elk,2,118,0
4/20/20,Erie,60,1335,0
4/20/20,Fayette,67,1354,3
4/20/20,Forest,7,21,0
4/20/20,Franklin,115,2174,0
4/20/20,Fulton,2,54,0
4/20/20,Greene,25,324,0
4/20/20,Huntingdon,13,179,0
4/20/20,Indiana,53,439,4
4/20/20,Jefferson,3,255,0
4/20/20,Juniata,72,69,0
4/20/20,Lackawanna,646,1573,41
4/20/20,Lancaster,1236,5808,66
4/20/20,Lawrence,59,531,5
4/20/20,Lebanon,502,1972,5
4/20/20,Lehigh,2245,5792,33
4/20/20,Luzerne,1767,3399,36
4/20/20,Lycoming,40,775,0
4/20/20,McKean,4,123,0
4/20/20,Mercer,59,500,1
4/20/20,Mifflin,20,523,0
4/20/20,Monroe,970,2061,39
4/20/20,Montgomery,3040,12304,184
4/20/20,Montour,48,2931,0
4/20/20,Northampton,1469,4868,36
4/20/20,Northumberland,73,274,0
4/20/20,Perry,20,119,1
4/20/20,Philadelphia,9038,20477,262
4/20/20,Pike,304,982,9
4/20/20,Potter,4,55,0
4/20/20,Schuylkill,267,1473,5
4/20/20,Snyder,28,128,1
4/20/20,Somerset,19,336,0
4/20/20,Sullivan,1,24,0
4/20/20,Susquehanna,66,177,4
4/20/20,Tioga,14,175,1
4/20/20,Union,28,412,0
4/20/20,Venango,6,189,0
4/20/20,Warren,1,135,0
4/20/20,Washington,83,1553,2
4/20/20,Wayne,85,402,3
4/20/20,Westmoreland,286,3481,16
4/20/20,Wyoming,17,77,1
4/20/20,York,493,5360,6
4/19/20,Adams,80,1173,1
4/19/20,Allegheny,1035,11162,50
4/19/20,Armstrong,38,448,2
4/19/20,Beaver,288,1609,32
4/19/20,Bedford,15,102,1
4/19/20,Berks,1898,3883,65
4/19/20,Blair,13,634,0
4/19/20,Bradford,25,369,1
4/19/20,Bucks,1722,5527,84
4/19/20,Butler,161,1756,5
4/19/20,Cambria,19,496,1
4/19/20,Cameron,1,19,0
4/19/20,Carbon,140,766,8
4/19/20,Centre,73,596,1
4/19/20,Chester,839,3902,42
4/19/20,Clarion,18,371,1
4/19/20,Clearfield,11,322,0
4/19/20,Clinton,11,103,0
4/19/20,Columbia,202,174,6
4/19/20,Crawford,16,547,0
4/19/20,Cumberland,182,867,4
4/19/20,Dauphin,368,2351,9
4/19/20,Delaware,2405,6232,90
4/19/20,Elk,2,117,0
4/19/20,Erie,58,1303,0
4/19/20,Fayette,66,1328,3
4/19/20,Forest,7,21,0
4/19/20,Franklin,111,2131,0
4/19/20,Fulton,2,52,0
4/19/20,Greene,24,322,0
4/19/20,Huntingdon,13,180,0
4/19/20,Indiana,51,426,4
4/19/20,Jefferson,2,246,0
4/19/20,Juniata,70,67,0
4/19/20,Lackawanna,636,1521,41
4/19/20,Lancaster,1188,5663,60
4/19/20,Lawrence,59,521,5
4/19/20,Lebanon,484,1923,4
4/19/20,Lehigh,2203,5693,32
4/19/20,Luzerne,1741,3223,34
4/19/20,Lycoming,37,750,0
4/19/20,McKean,4,123,0
4/19/20,Mercer,59,439,1
4/19/20,Mifflin,20,516,0
4/19/20,Monroe,963,2034,38
4/19/20,Montgomery,2913,11970,164
4/19/20,Montour,48,2924,0
4/19/20,Northampton,1441,4788,36
4/19/20,Northumberland,67,263,0
4/19/20,Perry,20,112,1
4/19/20,Philadelphia,8764,19928,240
4/19/20,Pike,301,964,8
4/19/20,Potter,4,51,0
4/19/20,Schuylkill,261,1450,5
4/19/20,Snyder,27,120,1
4/19/20,Somerset,18,323,0
4/19/20,Sullivan,1,22,0
4/19/20,Susquehanna,63,167,3
4/19/20,Tioga,14,169,1
4/19/20,Union,27,407,0
4/19/20,Venango,6,188,0
4/19/20,Warren,1,133,0
4/19/20,Washington,82,1514,2
4/19/20,Wayne,84,380,3
4/19/20,Westmoreland,284,3382,16
4/19/20,Wyoming,17,73,1
4/19/20,York,481,5234,6
4/18/20,Adams,74,1144,1
4/18/20,Allegheny,1009,10870,47
4/18/20,Armstrong,36,442,2
4/18/20,Beaver,278,1603,31
4/18/20,Bedford,14,88,1
4/18/20,Berks,1748,3691,40
4/18/20,Blair,13,605,0
4/18/20,Bradford,24,367,0
4/18/20,Bucks,1619,5291,75
4/18/20,Butler,160,1738,5
4/18/20,Cambria,17,445,1
4/18/20,Cameron,1,19,0
4/18/20,Carbon,136,744,8
4/18/20,Centre,73,588,1
4/18/20,Chester,796,3772,36
4/18/20,Clarion,18,370,1
4/18/20,Clearfield,9,314,0
4/18/20,Clinton,11,96,0
4/18/20,Columbia,184,146,4
4/18/20,Crawford,16,543,0
4/18/20,Cumberland,176,825,4
4/18/20,Dauphin,343,2284,9
4/18/20,Delaware,2317,6047,77
4/18/20,Elk,2,109,0
4/18/20,Erie,58,1271,0
4/18/20,Fayette,66,1311,3
4/18/20,Forest,7,21,0
4/18/20,Franklin,106,2073,0
4/18/20,Fulton,2,52,0
4/18/20,Greene,24,317,0
4/18/20,Huntingdon,12,177,0
4/18/20,Indiana,47,410,4
4/18/20,Jefferson,2,240,0
4/18/20,Juniata,66,62,0
4/18/20,Lackawanna,620,1466,35
4/18/20,Lancaster,1113,5476,36
4/18/20,Lawrence,60,513,5
4/18/20,Lebanon,458,1864,4
4/18/20,Lehigh,2141,5561,29
4/18/20,Luzerne,1712,3113,32
4/18/20,Lycoming,36,723,0
4/18/20,McKean,4,122,0
4/18/20,Mercer,57,428,1
4/18/20,Mifflin,19,516,0
4/18/20,Monroe,943,1997,34
4/18/20,Montgomery,2781,11567,106
4/18/20,Montour,49,2917,0
4/18/20,Northampton,1396,4682,29
4/18/20,Northumberland,67,247,0
4/18/20,Perry,20,109,1
4/18/20,Philadelphia,8502,19417,136
4/18/20,Pike,295,923,8
4/18/20,Potter,4,50,0
4/18/20,Schuylkill,254,1411,5
4/18/20,Snyder,27,119,1
4/18/20,Somerset,17,289,0
4/18/20,Sullivan,1,20,0
4/18/20,Susquehanna,59,156,1
4/18/20,Tioga,14,166,1
4/18/20,Union,27,401,0
4/18/20,Venango,6,183,0
4/18/20,Warren,1,130,0
4/18/20,Washington,79,1492,2
4/18/20,Wayne,84,360,2
4/18/20,Westmoreland,280,3269,13
4/18/20,Wyoming,16,70,1
4/18/20,York,463,5064,4
4/17/20,Adams,70,1118,1
4/17/20,Allegheny,947,10199,43
4/17/20,Armstrong,32,424,2
4/17/20,Beaver,178,1478,15
4/17/20,Bedford,13,83,1
4/17/20,Berks,1537,3432,34
4/17/20,Blair,14,589,0
4/17/20,Bradford,20,334,0
4/17/20,Bucks,1524,5139,64
4/17/20,Butler,157,1682,5
4/17/20,Cambria,14,432,1
4/17/20,Cameron,1,19,0
4/17/20,Carbon,118,722,7
4/17/20,Centre,73,570,1
4/17/20,Chester,739,3606,30
4/17/20,Clarion,18,362,0
4/17/20,Clearfield,9,303,0
4/17/20,Clinton,10,87,0
4/17/20,Columbia,166,117,3
4/17/20,Crawford,16,531,0
4/17/20,Cumberland,154,761,4
4/17/20,Dauphin,311,2178,7
4/17/20,Delaware,2226,5825,73
4/17/20,Elk,2,107,0
4/17/20,Erie,48,1213,0
4/17/20,Fayette,66,1263,3
4/17/20,Forest,7,21,0
4/17/20,Franklin,89,2009,0
4/17/20,Fulton,2,51,0
4/17/20,Greene,24,299,0
4/17/20,Huntingdon,12,173,0
4/17/20,Indiana,45,390,3
4/17/20,Jefferson,2,231,0
4/17/20,Juniata,63,51,0
4/17/20,Lackawanna,592,1386,30
4/17/20,Lancaster,1030,5217,35
4/17/20,Lawrence,59,490,5
4/17/20,Lebanon,424,1778,2
4/17/20,Lehigh,2092,5441,29
4/17/20,Luzerne,1668,2960,31
4/17/20,Lycoming,32,689,0
4/17/20,McKean,4,108,0
4/17/20,Mercer,56,391,1
4/17/20,Mifflin,17,491,0
4/17/20,Monroe,929,1952,29
4/17/20,Montgomery,2684,11330,97
4/17/20,Montour,48,2854,0
4/17/20,Northampton,1335,4550,27
4/17/20,Northumberland,60,218,0
4/17/20,Perry,18,101,1
4/17/20,Philadelphia,8138,18755,136
4/17/20,Pike,290,900,8
4/17/20,Potter,4,46,0
4/17/20,Schuylkill,244,1375,4
4/17/20,Snyder,25,112,1
4/17/20,Somerset,15,277,0
4/17/20,Sullivan,1,19,0
4/17/20,Susquehanna,58,147,1
4/17/20,Tioga,14,153,1
4/17/20,Union,26,391,0
4/17/20,Venango,6,177,0
4/17/20,Warren,1,125,0
4/17/20,Washington,75,1320,1
4/17/20,Wayne,81,344,2
4/17/20,Westmoreland,249,3107,13
4/17/20,Wyoming,16,59,1
4/17/20,York,443,4870,4
4/16/20,Adams,67,1088,1
4/16/20,Allegheny,925,9939,38
4/16/20,Armstrong,32,401,1
4/16/20,Beaver,168,1451,14
4/16/20,Bedford,11,79,1
4/16/20,Berks,1419,3306,31
4/16/20,Blair,13,580,0
4/16/20,Bradford,19,325,0
4/16/20,Bucks,1407,4921,56
4/16/20,Butler,154,1619,5
4/16/20,Cambria,14,378,1
4/16/20,Cameron,1,19,0
4/16/20,Carbon,113,705,6
4/16/20,Centre,73,562,0
4/16/20,Chester,699,3485,28
4/16/20,Clarion,17,360,0
4/16/20,Clearfield,9,294,0
4/16/20,Clinton,8,78,0
4/16/20,Columbia,146,91,3
4/16/20,Crawford,16,521,0
4/16/20,Cumberland,137,724,4
4/16/20,Dauphin,287,2110,7
4/16/20,Delaware,1999,5656,69
4/16/20,Elk,2,104,0
4/16/20,Erie,46,1168,0
4/16/20,Fayette,60,1226,3
4/16/20,Forest,7,20,0
4/16/20,Franklin,80,1932,0
4/16/20,Fulton,2,50,0
4/16/20,Greene,24,286,0
4/16/20,Huntingdon,12,168,0
4/16/20,Indiana,44,375,2
4/16/20,Jefferson,2,220,0
4/16/20,Juniata,56,48,0
4/16/20,Lackawanna,559,1323,28
4/16/20,Lancaster,970,5013,33
4/16/20,Lawrence,55,473,5
4/16/20,Lebanon,380,1697,2
4/16/20,Lehigh,1999,5291,28
4/16/20,Luzerne,1611,2824,28
4/16/20,Lycoming,30,657,0
4/16/20,McKean,4,104,0
4/16/20,Mercer,50,376,0
4/16/20,Mifflin,15,470,0
4/16/20,Monroe,898,1896,29
4/16/20,Montgomery,2544,11054,89
4/16/20,Montour,48,2751,0
4/16/20,Northampton,1296,4437,25
4/16/20,Northumberland,60,191,0
4/16/20,Perry,17,99,1
4/16/20,Philadelphia,7684,18034,134
4/16/20,Pike,276,859,7
4/16/20,Potter,4,44,0
4/16/20,Schuylkill,236,1350,4
4/16/20,Snyder,24,102,1
4/16/20,Somerset,14,252,0
4/16/20,Sullivan,1,18,0
4/16/20,Susquehanna,49,141,1
4/16/20,Tioga,13,145,1
4/16/20,Union,25,373,0
4/16/20,Venango,6,171,0
4/16/20,Warren,1,122,0
4/16/20,Washington,73,1287,1
4/16/20,Wayne,77,333,2
4/16/20,Westmoreland,240,3038,13
4/16/20,Wyoming,14,53,1
4/16/20,York,393,4691,4
4/15/20,Adams,64,0,1
4/15/20,Allegheny,904,0,26
4/15/20,Armstrong,29,0,1
4/15/20,Beaver,158,0,14
4/15/20,Bedford,9,0,1
4/15/20,Berks,1335,0,28
4/15/20,Blair,12,0,0
4/15/20,Bradford,19,0,0
4/15/20,Bucks,1300,0,51
4/15/20,Butler,150,0,5
4/15/20,Cambria,14,0,1
4/15/20,Cameron,1,0,0
4/15/20,Carbon,112,0,6
4/15/20,Centre,72,0,0
4/15/20,Chester,658,0,25
4/15/20,Clarion,16,0,0
4/15/20,Clearfield,9,0,0
4/15/20,Clinton,8,0,0
4/15/20,Columbia,131,0,3
4/15/20,Crawford,16,0,0
4/15/20,Cumberland,131,0,4
4/15/20,Dauphin,271,0,5
4/15/20,Delaware,1882,0,59
4/15/20,Elk,2,0,0
4/15/20,Erie,42,0,0
4/15/20,Fayette,58,0,3
4/15/20,Forest,5,0,0
4/15/20,Franklin,78,0,0
4/15/20,Fulton,2,0,0
4/15/20,Greene,23,0,0
4/15/20,Huntingdon,12,0,0
4/15/20,Indiana,43,0,1
4/15/20,Jefferson,2,0,0
4/15/20,Juniata,47,0,0
4/15/20,Lackawanna,527,0,26
4/15/20,Lancaster,914,0,29
4/15/20,Lawrence,55,0,5
4/15/20,Lebanon,349,0,2
4/15/20,Lehigh,1922,0,25
4/15/20,Luzerne,1567,0,27
4/15/20,Lycoming,30,0,0
4/15/20,McKean,4,0,0
4/15/20,Mercer,47,0,0
4/15/20,Mifflin,15,0,0
4/15/20,Monroe,872,0,28
4/15/20,Montgomery,2475,0,82
4/15/20,Montour,44,0,0
4/15/20,Northampton,1251,0,25
4/15/20,Northumberland,56,0,0
4/15/20,Perry,17,0,1
4/15/20,Philadelphia,7347,0,132
4/15/20,Pike,268,0,7
4/15/20,Potter,4,0,0
4/15/20,Schuylkill,212,0,3
4/15/20,Snyder,24,0,1
4/15/20,Somerset,14,0,0
4/15/20,Sullivan,1,0,0
4/15/20,Susquehanna,40,0,1
4/15/20,Tioga,13,0,1
4/15/20,Union,23,0,0
4/15/20,Venango,6,0,0
4/15/20,Warren,1,0,0
4/15/20,Washington,71,0,1
4/15/20,Wayne,75,0,2
4/15/20,Westmoreland,237,0,11
4/15/20,Wyoming,13,0,0
4/15/20,York,381,0,4
4/14/20,Adams,63,0,1
4/14/20,Allegheny,893,0,24
4/14/20,Armstrong,28,0,1
4/14/20,Beaver,156,0,14
4/14/20,Bedford,5,0,1
4/14/20,Berks,1247,0,27
4/14/20,Blair,11,0,0
4/14/20,Bradford,19,0,0
4/14/20,Bucks,1222,0,40
4/14/20,Butler,143,0,5
4/14/20,Cambria,14,0,1
4/14/20,Cameron,1,0,0
4/14/20,Carbon,103,0,3
4/14/20,Centre,70,0,0
4/14/20,Chester,621,0,20
4/14/20,Clarion,16,0,0
4/14/20,Clearfield,9,0,0
4/14/20,Clinton,8,0,0
4/14/20,Columbia,125,0,3
4/14/20,Crawford,16,0,0
4/14/20,Cumberland,124,0,4
4/14/20,Dauphin,249,0,5
4/14/20,Delaware,1806,0,45
4/14/20,Elk,2,0,0
4/14/20,Erie,41,0,0
4/14/20,Fayette,58,0,3
4/14/20,Forest,5,0,0
4/14/20,Franklin,69,0,0
4/14/20,Fulton,2,0,0
4/14/20,Greene,23,0,0
4/14/20,Huntingdon,11,0,0
4/14/20,Indiana,43,0,0
4/14/20,Jefferson,2,0,0
4/14/20,Juniata,43,0,0
4/14/20,Lackawanna,501,0,24
4/14/20,Lancaster,865,0,26
4/14/20,Lawrence,51,0,4
4/14/20,Lebanon,328,0,2
4/14/20,Lehigh,1803,0,23
4/14/20,Luzerne,1523,0,26
4/14/20,Lycoming,29,0,0
4/14/20,McKean,4,0,0
4/14/20,Mercer,44,0,0
4/14/20,Mifflin,16,0,0
4/14/20,Monroe,847,0,27
4/14/20,Montgomery,2354,0,76
4/14/20,Montour,44,0,0
4/14/20,Northampton,1176,0,25
4/14/20,Northumberland,48,0,0
4/14/20,Perry,17,0,1
4/14/20,Philadelphia,7121,0,131
4/14/20,Pike,256,0,6
4/14/20,Potter,4,0,0
4/14/20,Schuylkill,200,0,2
4/14/20,Snyder,24,0,1
4/14/20,Somerset,13,0,0
4/14/20,Sullivan,1,0,0
4/14/20,Susquehanna,32,0,1
4/14/20,Tioga,13,0,1
4/14/20,Union,23,0,0
4/14/20,Venango,6,0,0
4/14/20,Warren,1,0,0
4/14/20,Washington,70,0,1
4/14/20,Wayne,70,0,1
4/14/20,Westmoreland,231,0,6
4/14/20,Wyoming,11,0,0
4/14/20,York,371,0,3
4/13/20,Adams,56,0,1
4/13/20,Allegheny,876,0,21
4/13/20,Armstrong,28,0,1
4/13/20,Beaver,153,0,13
4/13/20,Bedford,5,0,1
4/13/20,Berks,1150,0,21
4/13/20,Blair,11,0,0
4/13/20,Bradford,19,0,0
4/13/20,Bucks,1177,0,36
4/13/20,Butler,143,0,4
4/13/20,Cambria,14,0,1
4/13/20,Cameron,1,0,0
4/13/20,Carbon,102,0,3
4/13/20,Centre,70,0,0
4/13/20,Chester,593,0,17
4/13/20,Clarion,16,0,0
4/13/20,Clearfield,9,0,0
4/13/20,Clinton,8,0,0
4/13/20,Columbia,113,0,3
4/13/20,Crawford,16,0,0
4/13/20,Cumberland,122,0,3
4/13/20,Dauphin,240,0,4
4/13/20,Delaware,1712,0,40
4/13/20,Elk,2,0,0
4/13/20,Erie,39,0,0
4/13/20,Fayette,57,0,3
4/13/20,Forest,5,0,0
4/13/20,Franklin,66,0,0
4/13/20,Fulton,1,0,0
4/13/20,Greene,23,0,0
4/13/20,Huntingdon,11,0,0
4/13/20,Indiana,43,0,0
4/13/20,Jefferson,2,0,0
4/13/20,Juniata,39,0,0
4/13/20,Lackawanna,459,0,21
4/13/20,Lancaster,828,0,24
4/13/20,Lawrence,51,0,4
4/13/20,Lebanon,284,0,2
4/13/20,Lehigh,1747,0,19
4/13/20,Luzerne,1446,0,21
4/13/20,Lycoming,28,0,0
4/13/20,McKean,3,0,0
4/13/20,Mercer,43,0,0
4/13/20,Mifflin,17,0,0
4/13/20,Monroe,816,0,24
4/13/20,Montgomery,2285,0,65
4/13/20,Montour,39,0,0
4/13/20,Northampton,1130,0,23
4/13/20,Northumberland,40,0,0
4/13/20,Perry,17,0,1
4/13/20,Philadelphia,6810,0,127
4/13/20,Pike,221,0,6
4/13/20,Potter,4,0,0
4/13/20,Schuylkill,192,0,2
4/13/20,Snyder,23,0,1
4/13/20,Somerset,13,0,0
4/13/20,Sullivan,1,0,0
4/13/20,Susquehanna,31,0,1
4/13/20,Tioga,14,0,1
4/13/20,Union,21,0,0
4/13/20,Venango,6,0,0
4/13/20,Warren,1,0,0
4/13/20,Washington,69,0,0
4/13/20,Wayne,67,0,1
4/13/20,Westmoreland,228,0,6
4/13/20,Wyoming,12,0,0
4/13/20,York,331,0,3
4/12/20,Adams,48,0,1
4/12/20,Allegheny,857,0,19
4/12/20,Armstrong,27,0,1
4/12/20,Beaver,145,0,13
4/12/20,Bedford,5,0,1
4/12/20,Berks,1035,0,20
4/12/20,Blair,10,0,0
4/12/20,Bradford,18,0,0
4/12/20,Bucks,1107,0,32
4/12/20,Butler,133,0,4
4/12/20,Cambria,13,0,1
4/12/20,Cameron,1,0,0
4/12/20,Carbon,102,0,3
4/12/20,Centre,70,0,0
4/12/20,Chester,562,0,17
4/12/20,Clarion,15,0,0
4/12/20,Clearfield,9,0,0
4/12/20,Clinton,8,0,0
4/12/20,Columbia,106,0,3
4/12/20,Crawford,15,0,0
4/12/20,Cumberland,110,0,3
4/12/20,Dauphin,229,0,4
4/12/20,Delaware,1594,0,39
4/12/20,Elk,2,0,0
4/12/20,Erie,39,0,0
4/12/20,Fayette,54,0,3
4/12/20,Forest,5,0,0
4/12/20,Franklin,64,0,0
4/12/20,Fulton,1,0,0
4/12/20,Greene,23,0,0
4/12/20,Huntingdon,10,0,0
4/12/20,Indiana,40,0,0
4/12/20,Jefferson,2,0,0
4/12/20,Juniata,38,0,0
4/12/20,Lackawanna,427,0,20
4/12/20,Lancaster,772,0,24
4/12/20,Lawrence,49,0,4
4/12/20,Lebanon,270,0,1
4/12/20,Lehigh,1684,0,18
4/12/20,Luzerne,1411,0,17
4/12/20,Lycoming,23,0,0
4/12/20,McKean,2,0,0
4/12/20,Mercer,40,0,0
4/12/20,Mifflin,12,0,0
4/12/20,Monroe,795,0,23
4/12/20,Montgomery,2164,0,63
4/12/20,Montour,29,0,0
4/12/20,Northampton,1082,0,23
4/12/20,Northumberland,37,0,0
4/12/20,Perry,16,0,1
4/12/20,Philadelphia,6352,0,128
4/12/20,Pike,212,0,6
4/12/20,Potter,4,0,0
4/12/20,Schuylkill,188,0,2
4/12/20,Snyder,20,0,1
4/12/20,Somerset,12,0,0
4/12/20,Sullivan,1,0,0
4/12/20,Susquehanna,25,0,1
4/12/20,Tioga,13,0,1
4/12/20,Union,19,0,0
4/12/20,Venango,6,0,0
4/12/20,Warren,1,0,0
4/12/20,Washington,68,0,0
4/12/20,Wayne,63,0,1
4/12/20,Westmoreland,223,0,6
4/12/20,Wyoming,9,0,0
4/12/20,York,307,0,3
4/11/20,Adams,44,0,1
4/11/20,Allegheny,836,0,19
4/11/20,Armstrong,26,0,1
4/11/20,Beaver,143,0,13
4/11/20,Bedford,5,0,1
4/11/20,Berks,930,0,19
4/11/20,Blair,10,0,0
4/11/20,Bradford,18,0,0
4/11/20,Bucks,1051,0,29
4/11/20,Butler,128,0,3
4/11/20,Cambria,13,0,1
4/11/20,Cameron,1,0,0
4/11/20,Carbon,98,0,3
4/11/20,Centre,69,0,0
4/11/20,Chester,532,0,15
4/11/20,Clarion,15,0,0
4/11/20,Clearfield,9,0,0
4/11/20,Clinton,7,0,0
4/11/20,Columbia,99,0,2
4/11/20,Crawford,15,0,0
4/11/20,Cumberland,105,0,3
4/11/20,Dauphin,213,0,3
4/11/20,Delaware,1510,0,39
4/11/20,Elk,2,0,0
4/11/20,Erie,39,0,0
4/11/20,Fayette,50,0,3
4/11/20,Forest,5,0,0
4/11/20,Franklin,59,0,0
4/11/20,Fulton,1,0,0
4/11/20,Greene,23,0,0
4/11/20,Huntingdon,10,0,0
4/11/20,Indiana,40,0,0
4/11/20,Jefferson,1,0,0
4/11/20,Juniata,38,0,0
4/11/20,Lackawanna,392,0,20
4/11/20,Lancaster,698,0,23
4/11/20,Lawrence,46,0,4
4/11/20,Lebanon,232,0,1
4/11/20,Lehigh,1620,0,16
4/11/20,Luzerne,1372,0,17
4/11/20,Lycoming,20,0,0
4/11/20,McKean,2,0,0
4/11/20,Mercer,38,0,0
4/11/20,Mifflin,10,0,0
4/11/20,Monroe,774,0,22
4/11/20,Montgomery,2053,0,60
4/11/20,Montour,29,0,0
4/11/20,Northampton,1039,0,23
4/11/20,Northumberland,31,0,0
4/11/20,Perry,16,0,1
4/11/20,Philadelphia,6022,0,130
4/11/20,Pike,208,0,6
4/11/20,Potter,4,0,0
4/11/20,Schuylkill,179,0,2
4/11/20,Snyder,16,0,1
4/11/20,Somerset,10,0,0
4/11/20,Sullivan,1,0,0
4/11/20,Susquehanna,23,0,2
4/11/20,Tioga,12,0,1
4/11/20,Union,14,0,0
4/11/20,Venango,6,0,0
4/11/20,Warren,1,0,0
4/11/20,Washington,66,0,0
4/11/20,Wayne,57,0,1
4/11/20,Westmoreland,218,0,6
4/11/20,Wyoming,8,0,0
4/11/20,York,293,0,3
4/10/20,Adams,43,0,1
4/10/20,Allegheny,788,0,18
4/10/20,Armstrong,22,0,0
4/10/20,Beaver,139,0,13
4/10/20,Bedford,3,0,0
4/10/20,Berks,720,0,12
4/10/20,Blair,9,0,0
4/10/20,Bradford,16,0,0
4/10/20,Bucks,958,0,26
4/10/20,Butler,123,0,3
4/10/20,Cambria,11,0,1
4/10/20,Cameron,1,0,0
4/10/20,Carbon,93,0,3
4/10/20,Centre,61,0,0
4/10/20,Chester,485,0,9
4/10/20,Clarion,10,0,0
4/10/20,Clearfield,8,0,0
4/10/20,Clinton,6,0,0
4/10/20,Columbia,81,0,2
4/10/20,Crawford,13,0,0
4/10/20,Cumberland,96,0,2
4/10/20,Dauphin,199,0,2
4/10/20,Delaware,1377,0,30
4/10/20,Elk,2,0,0
4/10/20,Erie,36,0,0
4/10/20,Fayette,49,0,1
4/10/20,Forest,5,0,0
4/10/20,Franklin,57,0,0
4/10/20,Fulton,1,0,0
4/10/20,Greene,21,0,0
4/10/20,Huntingdon,8,0,0
4/10/20,Indiana,26,0,0
4/10/20,Jefferson,1,0,0
4/10/20,Juniata,30,0,0
4/10/20,Lackawanna,346,0,18
4/10/20,Lancaster,648,0,21
4/10/20,Lawrence,45,0,3
4/10/20,Lebanon,218,0,1
4/10/20,Lehigh,1562,0,16
4/10/20,Luzerne,1325,0,15
4/10/20,Lycoming,18,0,0
4/10/20,McKean,1,0,0
4/10/20,Mercer,36,0,0
4/10/20,Mifflin,11,0,0
4/10/20,Monroe,752,0,19
4/10/20,Montgomery,1889,0,50
4/10/20,Montour,29,0,0
4/10/20,Northampton,994,0,21
4/10/20,Northumberland,29,0,0
4/10/20,Perry,16,0,1
4/10/20,Philadelphia,5521,0,110
4/10/20,Pike,190,0,6
4/10/20,Potter,3,0,0
4/10/20,Schuylkill,164,0,1
4/10/20,Snyder,12,0,1
4/10/20,Somerset,10,0,0
4/10/20,Sullivan,1,0,0
4/10/20,Susquehanna,22,0,2
4/10/20,Tioga,11,0,0
4/10/20,Union,12,0,0
4/10/20,Venango,5,0,0
4/10/20,Warren,1,0,0
4/10/20,Washington,66,0,0
4/10/20,Wayne,53,0,0
4/10/20,Westmoreland,202,0,5
4/10/20,Wyoming,6,0,0
4/10/20,York,283,0,3
4/9/20,Adams,38,0,1
4/9/20,Allegheny,759,0,12
4/9/20,Armstrong,20,0,0
4/9/20,Beaver,129,0,13
4/9/20,Bedford,4,0,0
4/9/20,Berks,616,0,8
4/9/20,Blair,6,0,0
4/9/20,Bradford,15,0,0
4/9/20,Bucks,871,0,23
4/9/20,Butler,113,0,2
4/9/20,Cambria,10,0,1
4/9/20,Cameron,1,0,0
4/9/20,Carbon,83,0,2
4/9/20,Centre,59,0,0
4/9/20,Chester,425,0,7
4/9/20,Clarion,8,0,0
4/9/20,Clearfield,7,0,0
4/9/20,Clinton,4,0,0
4/9/20,Columbia,65,0,2
4/9/20,Crawford,13,0,0
4/9/20,Cumberland,88,0,2
4/9/20,Dauphin,180,0,2
4/9/20,Delaware,1222,0,26
4/9/20,Elk,2,0,0
4/9/20,Erie,32,0,0
4/9/20,Fayette,45,0,1
4/9/20,Forest,5,0,0
4/9/20,Franklin,52,0,0
4/9/20,Fulton,1,0,0
4/9/20,Greene,21,0,0
4/9/20,Huntingdon,8,0,0
4/9/20,Indiana,21,0,0
4/9/20,Jefferson,1,0,0
4/9/20,Juniata,23,0,0
4/9/20,Lackawanna,312,0,16
4/9/20,Lancaster,596,0,17
4/9/20,Lawrence,37,0,2
4/9/20,Lebanon,187,0,0
4/9/20,Lehigh,1466,0,13
4/9/20,Luzerne,1241,0,12
4/9/20,Lycoming,17,0,0
4/9/20,McKean,1,0,0
4/9/20,Mercer,30,0,0
4/9/20,Mifflin,10,0,0
4/9/20,Monroe,716,0,19
4/9/20,Montgomery,1693,0,37
4/9/20,Montour,25,0,0
4/9/20,Northampton,949,0,20
4/9/20,Northumberland,24,0,0
4/9/20,Perry,15,0,1
4/9/20,Philadelphia,5029,0,86
4/9/20,Pike,163,0,6
4/9/20,Potter,3,0,0
4/9/20,Schuylkill,149,0,1
4/9/20,Snyder,9,0,1
4/9/20,Somerset,7,0,0
4/9/20,Sullivan,1,0,0
4/9/20,Susquehanna,16,0,1
4/9/20,Tioga,10,0,0
4/9/20,Union,11,0,0
4/9/20,Venango,5,0,0
4/9/20,Warren,1,0,0
4/9/20,Washington,63,0,0
4/9/20,Wayne,49,0,0
4/9/20,Westmoreland,190,0,1
4/9/20,Wyoming,6,0,0
4/9/20,York,250,0,3
4/8/20,Adams,33,0,0
4/8/20,Allegheny,720,0,10
4/8/20,Armstrong,19,0,0
4/8/20,Beaver,128,0,13
4/8/20,Bedford,4,0,0
4/8/20,Berks,416,0,7
4/8/20,Blair,6,0,0
4/8/20,Bradford,15,0,0
4/8/20,Bucks,756,0,22
4/8/20,Butler,113,0,2
4/8/20,Cambria,9,0,1
4/8/20,Cameron,1,0,0
4/8/20,Carbon,76,0,1
4/8/20,Centre,57,0,0
4/8/20,Chester,373,0,6
4/8/20,Clarion,8,0,0
4/8/20,Clearfield,7,0,0
4/8/20,Clinton,3,0,0
4/8/20,Columbia,54,0,1
4/8/20,Crawford,8,0,0
4/8/20,Cumberland,84,0,2
4/8/20,Dauphin,168,0,2
4/8/20,Delaware,1034,0,23
4/8/20,Elk,2,0,0
4/8/20,Erie,29,0,0
4/8/20,Fayette,35,0,1
4/8/20,Forest,5,0,0
4/8/20,Franklin,43,0,0
4/8/20,Fulton,1,0,0
4/8/20,Greene,17,0,0
4/8/20,Huntingdon,6,0,0
4/8/20,Indiana,21,0,0
4/8/20,Jefferson,1,0,0
4/8/20,Juniata,18,0,0
4/8/20,Lackawanna,266,0,10
4/8/20,Lancaster,561,0,16
4/8/20,Lawrence,32,0,2
4/8/20,Lebanon,169,0,0
4/8/20,Lehigh,1319,0,11
4/8/20,Luzerne,1134,0,11
4/8/20,Lycoming,15,0,0
4/8/20,McKean,1,0,0
4/8/20,Mercer,27,0,0
4/8/20,Mifflin,10,0,0
4/8/20,Monroe,671,0,17
4/8/20,Montgomery,1521,0,37
4/8/20,Montour,26,0,0
4/8/20,Northampton,857,0,17
4/8/20,Northumberland,22,0,0
4/8/20,Perry,13,0,1
4/8/20,Philadelphia,4456,0,86
4/8/20,Pike,148,0,6
4/8/20,Potter,3,0,0
4/8/20,Schuylkill,136,0,0
4/8/20,Snyder,9,0,1
4/8/20,Somerset,7,0,0
4/8/20,Sullivan,1,0,0
4/8/20,Susquehanna,14,0,0
4/8/20,Tioga,10,0,0
4/8/20,Union,8,0,0
4/8/20,Venango,5,0,0
4/8/20,Warren,1,0,0
4/8/20,Washington,59,0,0
4/8/20,Wayne,47,0,0
4/8/20,Westmoreland,183,0,1
4/8/20,Wyoming,5,0,0
4/8/20,York,233,0,2
4/7/20,Adams,28,0,0
4/7/20,Allegheny,689,0,6
4/7/20,Armstrong,18,0,0
4/7/20,Beaver,116,0,9
4/7/20,Bedford,4,0,0
4/7/20,Berks,369,0,4
4/7/20,Blair,6,0,0
4/7/20,Bradford,14,0,0
4/7/20,Bucks,690,0,21
4/7/20,Butler,107,0,2
4/7/20,Cambria,7,0,1
4/7/20,Cameron,1,0,0
4/7/20,Carbon,67,0,1
4/7/20,Centre,55,0,0
4/7/20,Chester,335,0,6
4/7/20,Clarion,9,0,0
4/7/20,Clearfield,7,0,0
4/7/20,Clinton,3,0,0
4/7/20,Columbia,42,0,1
4/7/20,Crawford,8,0,0
4/7/20,Cumberland,77,0,2
4/7/20,Dauphin,155,0,1
4/7/20,Delaware,898,0,20
4/7/20,Elk,2,0,0
4/7/20,Erie,28,0,0
4/7/20,Fayette,32,0,1
4/7/20,Forest,5,0,0
4/7/20,Franklin,39,0,0
4/7/20,Fulton,1,0,0
4/7/20,Greene,15,0,0
4/7/20,Huntingdon,5,0,0
4/7/20,Indiana,21,0,0
4/7/20,Jefferson,1,0,0
4/7/20,Juniata,14,0,0
4/7/20,Lackawanna,235,0,8
4/7/20,Lancaster,490,0,14
4/7/20,Lawrence,29,0,2
4/7/20,Lebanon,145,0,0
4/7/20,Lehigh,1146,0,10
4/7/20,Luzerne,982,0,8
4/7/20,Lycoming,12,0,0
4/7/20,McKean,1,0,0
4/7/20,Mercer,26,0,0
4/7/20,Mifflin,6,0,0
4/7/20,Monroe,610,0,12
4/7/20,Montgomery,1359,0,30
4/7/20,Montour,27,0,0
4/7/20,Northampton,774,0,14
4/7/20,Northumberland,22,0,0
4/7/20,Perry,9,0,1
4/7/20,Philadelphia,4012,0,58
4/7/20,Pike,136,0,5
4/7/20,Potter,3,0,0
4/7/20,Schuylkill,119,0,0
4/7/20,Snyder,9,0,1
4/7/20,Somerset,7,0,0
4/7/20,Sullivan,1,0,0
4/7/20,Susquehanna,11,0,0
4/7/20,Tioga,10,0,0
4/7/20,Union,7,0,0
4/7/20,Venango,5,0,0
4/7/20,Warren,1,0,0
4/7/20,Washington,57,0,0
4/7/20,Wayne,40,0,0
4/7/20,Westmoreland,177,0,0
4/7/20,Wyoming,5,0,0
4/7/20,York,218,0,2
4/6/20,Adams,25,0,0
4/6/20,Allegheny,642,0,4
4/6/20,Armstrong,13,0,0
4/6/20,Beaver,96,0,6
4/6/20,Bedford,4,0,0
4/6/20,Berks,326,0,3
4/6/20,Blair,5,0,0
4/6/20,Bradford,10,0,0
4/6/20,Bucks,619,0,17
4/6/20,Butler,91,0,2
4/6/20,Cambria,7,0,0
4/6/20,Cameron,1,0,0
4/6/20,Carbon,59,0,1
4/6/20,Centre,44,0,0
4/6/20,Chester,307,0,3
4/6/20,Clarion,6,0,0
4/6/20,Clearfield,7,0,0
4/6/20,Clinton,3,0,0
4/6/20,Columbia,26,0,0
4/6/20,Crawford,9,0,0
4/6/20,Cumberland,68,0,2
4/6/20,Dauphin,132,0,1
4/6/20,Delaware,822,0,15
4/6/20,Erie,20,0,0
4/6/20,Fayette,29,0,1
4/6/20,Forest,4,0,0
4/6/20,Franklin,32,0,0
4/6/20,Fulton,1,0,0
4/6/20,Greene,12,0,0
4/6/20,Huntingdon,4,0,0
4/6/20,Indiana,17,0,0
4/6/20,Juniata,11,0,0
4/6/20,Lackawanna,190,0,7
4/6/20,Lancaster,408,0,11
4/6/20,Lawrence,24,0,2
4/6/20,Lebanon,124,0,0
4/6/20,Lehigh,1006,0,8
4/6/20,Luzerne,849,0,5
4/6/20,Lycoming,10,0,0
4/6/20,McKean,1,0,0
4/6/20,Mercer,18,0,0
4/6/20,Mifflin,5,0,0
4/6/20,Monroe,572,0,11
4/6/20,Montgomery,1230,0,18
4/6/20,Montour,33,0,0
4/6/20,Northampton,716,0,12
4/6/20,Northumberland,15,0,0
4/6/20,Perry,5,0,1
4/6/20,Philadelphia,3611,0,28
4/6/20,Pike,125,0,2
4/6/20,Potter,3,0,0
4/6/20,Schuylkill,103,0,0
4/6/20,Snyder,8,0,1
4/6/20,Somerset,6,0,0
4/6/20,Sullivan,1,0,0
4/6/20,Susquehanna,6,0,0
4/6/20,Tioga,8,0,0
4/6/20,Union,6,0,0
4/6/20,Venango,5,0,0
4/6/20,Warren,1,0,0
4/6/20,Washington,53,0,0
4/6/20,Wayne,35,0,0
4/6/20,Westmoreland,157,0,0
4/6/20,Wyoming,5,0,0
4/6/20,York,189,0,1
4/5/20,Adams,22,0,0
4/5/20,Allegheny,605,0,4
4/5/20,Armstrong,12,0,0
4/5/20,Beaver,84,0,6
4/5/20,Bedford,4,0,0
4/5/20,Berks,276,0,3
4/5/20,Blair,5,0,0
4/5/20,Bradford,10,0,0
4/5/20,Bucks,555,0,13
4/5/20,Butler,87,0,2
4/5/20,Cambria,7,0,0
4/5/20,Cameron,1,0,0
4/5/20,Carbon,50,0,1
4/5/20,Centre,43,0,0
4/5/20,Chester,269,0,2
4/5/20,Clarion,5,0,0
4/5/20,Clearfield,7,0,0
4/5/20,Clinton,1,0,0
4/5/20,Columbia,22,0,0
4/5/20,Crawford,7,0,0
4/5/20,Cumberland,58,0,2
4/5/20,Dauphin,118,0,1
4/5/20,Delaware,708,0,14
4/5/20,Erie,19,0,0
4/5/20,Fayette,27,0,1
4/5/20,Forest,3,0,0
4/5/20,Franklin,30,0,0
4/5/20,Fulton,1,0,0
4/5/20,Greene,12,0,0
4/5/20,Huntingdon,4,0,0
4/5/20,Indiana,13,0,0
4/5/20,Juniata,7,0,0
4/5/20,Lackawanna,172,0,6
4/5/20,Lancaster,371,0,8
4/5/20,Lawrence,23,0,2
4/5/20,Lebanon,106,0,0
4/5/20,Lehigh,877,0,8
4/5/20,Luzerne,741,0,5
4/5/20,Lycoming,9,0,0
4/5/20,McKean,1,0,0
4/5/20,Mercer,18,0,0
4/5/20,Mifflin,9,0,0
4/5/20,Monroe,528,0,11
4/5/20,Montgomery,1111,0,18
4/5/20,Montour,37,0,0
4/5/20,Northampton,636,0,11
4/5/20,Northumberland,14,0,0
4/5/20,Perry,5,0,1
4/5/20,Philadelphia,3135,0,28
4/5/20,Pike,114,0,1
4/5/20,Potter,3,0,0
4/5/20,Schuylkill,90,0,0
4/5/20,Snyder,8,0,1
4/5/20,Somerset,4,0,0
4/5/20,Sullivan,1,0,0
4/5/20,Susquehanna,6,0,0
4/5/20,Tioga,3,0,0
4/5/20,Union,6,0,0
4/5/20,Venango,3,0,0
4/5/20,Warren,1,0,0
4/5/20,Washington,50,0,0
4/5/20,Wayne,33,0,0
4/5/20,Westmoreland,147,0,0
4/5/20,Wyoming,5,0,0
4/5/20,York,171,0,1
4/4/20,Adams,21,0,0
4/4/20,Allegheny,552,0,3
4/4/20,Armstrong,12,0,0
4/4/20,Beaver,69,0,6
4/4/20,Bedford,4,0,0
4/4/20,Berks,235,0,2
4/4/20,Blair,5,0,0
4/4/20,Bradford,10,0,0
4/4/20,Bucks,488,0,11
4/4/20,Butler,84,0,2
4/4/20,Cambria,6,0,0
4/4/20,Cameron,1,0,0
4/4/20,Carbon,46,0,1
4/4/20,Centre,39,0,0
4/4/20,Chester,250,0,2
4/4/20,Clarion,4,0,0
4/4/20,Clearfield,7,0,0
4/4/20,Clinton,1,0,0
4/4/20,Columbia,20,0,0
4/4/20,Crawford,5,0,0
4/4/20,Cumberland,54,0,2
4/4/20,Dauphin,99,0,1
4/4/20,Delaware,616,0,13
4/4/20,Erie,19,0,0
4/4/20,Fayette,23,0,1
4/4/20,Forest,2,0,0
4/4/20,Franklin,27,0,0
4/4/20,Greene,12,0,0
4/4/20,Huntingdon,4,0,0
4/4/20,Indiana,9,0,0
4/4/20,Juniata,7,0,0
4/4/20,Lackawanna,146,0,6
4/4/20,Lancaster,291,0,5
4/4/20,Lawrence,22,0,2
4/4/20,Lebanon,87,0,0
4/4/20,Lehigh,804,0,7
4/4/20,Luzerne,648,0,5
4/4/20,Lycoming,10,0,0
4/4/20,McKean,1,0,0
4/4/20,Mercer,14,0,0
4/4/20,Mifflin,4,0,0
4/4/20,Monroe,484,0,11
4/4/20,Montgomery,982,0,17
4/4/20,Montour,19,0,0
4/4/20,Northampton,588,0,11
4/4/20,Northumberland,9,0,0
4/4/20,Perry,5,0,1
4/4/20,Philadelphia,2610,0,24
4/4/20,Pike,97,0,1
4/4/20,Potter,3,0,0
4/4/20,Schuylkill,77,0,0
4/4/20,Snyder,6,0,1
4/4/20,Somerset,3,0,0
4/4/20,Sullivan,1,0,0
4/4/20,Susquehanna,5,0,0
4/4/20,Tioga,3,0,0
4/4/20,Union,5,0,0
4/4/20,Venango,3,0,0
4/4/20,Warren,1,0,0
4/4/20,Washington,46,0,0
4/4/20,Wayne,28,0,0
4/4/20,Westmoreland,135,0,0
4/4/20,Wyoming,5,0,0
4/4/20,York,144,0,1
4/3/20,Adams,19,0,0
4/3/20,Allegheny,476,0,2
4/3/20,Armstrong,11,0,0
4/3/20,Beaver,65,0,2
4/3/20,Bedford,3,0,0
4/3/20,Berks,201,0,1
4/3/20,Blair,4,0,0
4/3/20,Bradford,9,0,0
4/3/20,Bucks,446,0,8
4/3/20,Butler,75,0,2
4/3/20,Cambria,4,0,0
4/3/20,Cameron,1,0,0
4/3/20,Carbon,34,0,1
4/3/20,Centre,32,0,0
4/3/20,Chester,226,0,2
4/3/20,Clarion,4,0,0
4/3/20,Clearfield,5,0,0
4/3/20,Clinton,1,0,0
4/3/20,Columbia,15,0,0
4/3/20,Crawford,5,0,0
4/3/20,Cumberland,45,0,2
4/3/20,Dauphin,79,0,1
4/3/20,Delaware,542,0,10
4/3/20,Erie,17,0,0
4/3/20,Fayette,20,0,1
4/3/20,Forest,1,0,0
4/3/20,Franklin,26,0,0
4/3/20,Greene,11,0,0
4/3/20,Huntingdon,3,0,0
4/3/20,Indiana,7,0,0
4/3/20,Juniata,5,0,0
4/3/20,Lackawanna,119,0,4
4/3/20,Lancaster,232,0,5
4/3/20,Lawrence,19,0,2
4/3/20,Lebanon,54,0,0
4/3/20,Lehigh,584,0,5
4/3/20,Luzerne,484,0,5
4/3/20,Lycoming,8,0,0
4/3/20,McKean,1,0,0
4/3/20,Mercer,10,0,0
4/3/20,Mifflin,2,0,0
4/3/20,Monroe,397,0,10
4/3/20,Montgomery,875,0,11
4/3/20,Montour,16,0,0
4/3/20,Northampton,466,0,10
4/3/20,Northumberland,8,0,0
4/3/20,Perry,4,0,1
4/3/20,Philadelphia,2284,0,14
4/3/20,Pike,83,0,1
4/3/20,Potter,2,0,0
4/3/20,Schuylkill,63,0,0
4/3/20,Snyder,4,0,1
4/3/20,Somerset,3,0,0
4/3/20,Susquehanna,4,0,0
4/3/20,Tioga,3,0,0
4/3/20,Union,3,0,0
4/3/20,Venango,3,0,0
4/3/20,Warren,1,0,0
4/3/20,Washington,40,0,0
4/3/20,Wayne,23,0,0
4/3/20,Westmoreland,110,0,0
4/3/20,Wyoming,2,0,0
4/3/20,York,121,0,1
4/2/20,Adams,18,0,0
4/2/20,Allegheny,419,0,2
4/2/20,Armstrong,7,0,0
4/2/20,Beaver,55,0,2
4/2/20,Bedford,3,0,0
4/2/20,Berks,168,0,1
4/2/20,Blair,4,0,0
4/2/20,Bradford,8,0,0
4/2/20,Bucks,370,0,6
4/2/20,Butler,69,0,2
4/2/20,Cambria,4,0,0
4/2/20,Cameron,1,0,0
4/2/20,Carbon,26,0,1
4/2/20,Centre,28,0,0
4/2/20,Chester,210,0,2
4/2/20,Clarion,4,0,0
4/2/20,Clearfield,4,0,0
4/2/20,Columbia,11,0,0
4/2/20,Crawford,5,0,0
4/2/20,Cumberland,41,0,1
4/2/20,Dauphin,67,0,1
4/2/20,Delaware,470,0,8
4/2/20,Erie,16,0,0
4/2/20,Fayette,15,0,1
4/2/20,Forest,1,0,0
4/2/20,Franklin,23,0,0
4/2/20,Greene,11,0,0
4/2/20,Huntingdon,2,0,0
4/2/20,Indiana,6,0,0
4/2/20,Juniata,2,0,0
4/2/20,Lackawanna,108,0,3
4/2/20,Lancaster,203,0,4
4/2/20,Lawrence,16,0,2
4/2/20,Lebanon,45,0,0
4/2/20,Lehigh,479,0,5
4/2/20,Luzerne,384,0,5
4/2/20,Lycoming,7,0,0
4/2/20,McKean,1,0,0
4/2/20,Mercer,9,0,0
4/2/20,Mifflin,1,0,0
4/2/20,Monroe,321,0,10
4/2/20,Montgomery,735,0,9
4/2/20,Montour,15,0,0
4/2/20,Northampton,378,0,9
4/2/20,Northumberland,8,0,0
4/2/20,Perry,3,0,0
4/2/20,Philadelphia,1852,0,13
4/2/20,Pike,68,0,1
4/2/20,Potter,2,0,0
4/2/20,Schuylkill,54,0,0
4/2/20,Snyder,3,0,1
4/2/20,Somerset,3,0,0
4/2/20,Susquehanna,3,0,0
4/2/20,Tioga,2,0,0
4/2/20,Union,2,0,0
4/2/20,Venango,3,0,0
4/2/20,Warren,1,0,0
4/2/20,Washington,38,0,0
4/2/20,Wayne,17,0,0
4/2/20,Westmoreland,84,0,0
4/2/20,Wyoming,1,0,0
4/2/20,York,102,0,1
4/1/20,Adams,12,0,0
4/1/20,Allegheny,356,0,2
4/1/20,Armstrong,5,0,0
4/1/20,Beaver,54,0,2
4/1/20,Bedford,3,0,0
4/1/20,Berks,151,0,0
4/1/20,Blair,4,0,0
4/1/20,Bradford,8,0,0
4/1/20,Bucks,312,0,6
4/1/20,Butler,64,0,2
4/1/20,Cambria,3,0,0
4/1/20,Cameron,1,0,0
4/1/20,Carbon,23,0,1
4/1/20,Centre,27,0,0
4/1/20,Chester,183,0,1
4/1/20,Clarion,4,0,0
4/1/20,Clearfield,4,0,0
4/1/20,Columbia,8,0,0
4/1/20,Crawford,5,0,0
4/1/20,Cumberland,38,0,1
4/1/20,Dauphin,59,0,1
4/1/20,Delaware,390,0,7
4/1/20,Erie,15,0,0
4/1/20,Fayette,14,0,1
4/1/20,Franklin,21,0,0
4/1/20,Greene,9,0,0
4/1/20,Huntingdon,1,0,0
4/1/20,Indiana,6,0,0
4/1/20,Juniata,2,0,0
4/1/20,Lackawanna,85,0,3
4/1/20,Lancaster,157,0,3
4/1/20,Lawrence,13,0,2
4/1/20,Lebanon,36,0,0
4/1/20,Lehigh,374,0,5
4/1/20,Luzerne,282,0,4
4/1/20,Lycoming,7,0,0
4/1/20,McKean,1,0,0
4/1/20,Mercer,8,0,0
4/1/20,Mifflin,1,0,0
4/1/20,Monroe,278,0,8
4/1/20,Montgomery,649,0,8
4/1/20,Montour,13,0,0
4/1/20,Northampton,312,0,5
4/1/20,Northumberland,6,0,0
4/1/20,Perry,1,0,0
4/1/20,Philadelphia,1478,0,10
4/1/20,Pike,57,0,1
4/1/20,Potter,2,0,0
4/1/20,Schuylkill,47,0,0
4/1/20,Snyder,3,0,1
4/1/20,Somerset,3,0,0
4/1/20,Susquehanna,2,0,0
4/1/20,Tioga,2,0,0
4/1/20,Union,2,0,0
4/1/20,Venango,3,0,0
4/1/20,Warren,1,0,0
4/1/20,Washington,35,0,0
4/1/20,Wayne,14,0,0
4/1/20,Westmoreland,72,0,0
4/1/20,York,79,0,0
3/31/20,Adams,9,0,0
3/31/20,Allegheny,325,0,2
3/31/20,Armstrong,5,0,0
3/31/20,Beaver,52,0,1
3/31/20,Bedford,2,0,0
3/31/20,Berks,110,0,0
3/31/20,Blair,4,0,0
3/31/20,Bradford,7,0,0
3/31/20,Bucks,286,0,3
3/31/20,Butler,60,0,2
3/31/20,Cambria,2,0,0
3/31/20,Cameron,1,0,0
3/31/20,Carbon,17,0,1
3/31/20,Centre,26,0,0
3/31/20,Chester,159,0,1
3/31/20,Clarion,3,0,0
3/31/20,Clearfield,4,0,0
3/31/20,Columbia,7,0,0
3/31/20,Crawford,4,0,0
3/31/20,Cumberland,36,0,1
3/31/20,Dauphin,45,0,1
3/31/20,Delaware,338,0,5
3/31/20,Erie,14,0,0
3/31/20,Fayette,14,0,0
3/31/20,Franklin,19,0,0
3/31/20,Greene,9,0,0
3/31/20,Huntingdon,1,0,0
3/31/20,Indiana,6,0,0
3/31/20,Juniata,3,0,0
3/31/20,Lackawanna,78,0,3
3/31/20,Lancaster,123,0,3
3/31/20,Lawrence,13,0,2
3/31/20,Lebanon,28,0,0
3/31/20,Lehigh,272,0,4
3/31/20,Luzerne,212,0,4
3/31/20,Lycoming,6,0,0
3/31/20,McKean,1,0,0
3/31/20,Mercer,8,0,0
3/31/20,Mifflin,2,0,0
3/31/20,Monroe,236,0,7
3/31/20,Montgomery,570,0,6
3/31/20,Montour,9,0,0
3/31/20,Northampton,245,0,5
3/31/20,Northumberland,1,0,0
3/31/20,Perry,1,0,0
3/31/20,Philadelphia,1197,0,10
3/31/20,Pike,48,0,1
3/31/20,Potter,2,0,0
3/31/20,Schuylkill,38,0,0
3/31/20,Snyder,2,0,1
3/31/20,Somerset,2,0,0
3/31/20,Susquehanna,1,0,0
3/31/20,Tioga,2,0,0
3/31/20,Union,4,0,0
3/31/20,Venango,3,0,0
3/31/20,Warren,1,0,0
3/31/20,Washington,33,0,0
3/31/20,Wayne,10,0,0
3/31/20,Westmoreland,61,0,0
3/31/20,York,66,0,0
3/30/20,Adams,8,0,0
3/30/20,Allegheny,290,0,2
3/30/20,Armstrong,3,0,0
3/30/20,Beaver,44,0,0
3/30/20,Berks,82,0,0
3/30/20,Blair,6,0,0
3/30/20,Bradford,3,0,0
3/30/20,Bucks,246,0,3
3/30/20,Butler,49,0,2
3/30/20,Cambria,2,0,0
3/30/20,Cameron,1,0,0
3/30/20,Carbon,13,0,0
3/30/20,Centre,24,0,0
3/30/20,Chester,146,0,0
3/30/20,Clarion,1,0,0
3/30/20,Clearfield,4,0,0
3/30/20,Columbia,6,0,0
3/30/20,Crawford,4,0,0
3/30/20,Cumberland,24,0,1
3/30/20,Dauphin,36,0,0
3/30/20,Delaware,303,0,4
3/30/20,Erie,13,0,0
3/30/20,Fayette,11,0,0
3/30/20,Franklin,12,0,0
3/30/20,Greene,7,0,0
3/30/20,Huntingdon,1,0,0
3/30/20,Indiana,2,0,0
3/30/20,Juniata,3,0,0
3/30/20,Lackawanna,62,0,2
3/30/20,Lancaster,97,0,2
3/30/20,Lawrence,10,0,1
3/30/20,Lebanon,27,0,0
3/30/20,Lehigh,231,0,3
3/30/20,Luzerne,150,0,3
3/30/20,Lycoming,4,0,0
3/30/20,McKean,1,0,0
3/30/20,Mercer,7,0,0
3/30/20,Mifflin,1,0,0
3/30/20,Monroe,182,0,7
3/30/20,Montgomery,540,0,5
3/30/20,Montour,10,0,0
3/30/20,Northampton,184,0,5
3/30/20,Northumberland,1,0,0
3/30/20,Perry,1,0,0
3/30/20,Philadelphia,1007,0,7
3/30/20,Pike,39,0,1
3/30/20,Potter,2,0,0
3/30/20,Schuylkill,30,0,0
3/30/20,Snyder,2,0,0
3/30/20,Somerset,2,0,0
3/30/20,Susquehanna,1,0,0
3/30/20,Tioga,1,0,0
3/30/20,Union,4,0,0
3/30/20,Venango,1,0,0
3/30/20,Warren,1,0,0
3/30/20,Washington,26,0,0
3/30/20,Wayne,10,0,0
3/30/20,Westmoreland,55,0,0
3/30/20,York,54,0,0
3/29/20,Adams,8,0,0
3/29/20,Allegheny,265,0,2
3/29/20,Armstrong,3,0,0
3/29/20,Beaver,28,0,0
3/29/20,Berks,68,0,0
3/29/20,Blair,3,0,0
3/29/20,Bradford,3,0,0
3/29/20,Bucks,203,0,1
3/29/20,Butler,47,0,2
3/29/20,Cambria,1,0,0
3/29/20,Cameron,1,0,0
3/29/20,Carbon,9,0,0
3/29/20,Centre,22,0,0
3/29/20,Chester,137,0,0
3/29/20,Clarion,1,0,0
3/29/20,Clearfield,2,0,0
3/29/20,Columbia,6,0,0
3/29/20,Crawford,3,0,0
3/29/20,Cumberland,22,0,1
3/29/20,Dauphin,35,0,0
3/29/20,Delaware,276,0,4
3/29/20,Erie,7,0,0
3/29/20,Fayette,10,0,0
3/29/20,Franklin,11,0,0
3/29/20,Greene,6,0,0
3/29/20,Huntingdon,1,0,0
3/29/20,Indiana,2,0,0
3/29/20,Juniata,1,0,0
3/29/20,Lackawanna,56,0,2
3/29/20,Lancaster,67,0,2
3/29/20,Lawrence,8,0,1
3/29/20,Lebanon,19,0,0
3/29/20,Lehigh,151,0,3
3/29/20,Luzerne,94,0,2
3/29/20,Lycoming,3,0,0
3/29/20,McKean,1,0,0
3/29/20,Mercer,7,0,0
3/29/20,Mifflin,2,0,0
3/29/20,Monroe,135,0,3
3/29/20,Montgomery,488,0,5
3/29/20,Montour,4,0,0
3/29/20,Northampton,126,0,4
3/29/20,Northumberland,1,0,0
3/29/20,Perry,1,0,0
3/29/20,Philadelphia,865,0,5
3/29/20,Pike,33,0,1
3/29/20,Potter,2,0,0
3/29/20,Schuylkill,21,0,0
3/29/20,Snyder,2,0,0
3/29/20,Somerset,2,0,0
3/29/20,Susquehanna,1,0,0
3/29/20,Tioga,1,0,0
3/29/20,Venango,1,0,0
3/29/20,Warren,1,0,0
3/29/20,Washington,24,0,0
3/29/20,Wayne,7,0,0
3/29/20,Westmoreland,47,0,0
3/29/20,York,43,0,0
3/28/20,Adams,8,0,0
3/28/20,Allegheny,219,0,2
3/28/20,Armstrong,2,0,0
3/28/20,Beaver,22,0,0
3/28/20,Berks,65,0,0
3/28/20,Blair,2,0,0
3/28/20,Bradford,3,0,0
3/28/20,Bucks,152,0,0
3/28/20,Butler,41,0,2
3/28/20,Cambria,1,0,0
3/28/20,Cameron,1,0,0
3/28/20,Carbon,3,0,0
3/28/20,Centre,15,0,0
3/28/20,Chester,116,0,0
3/28/20,Clarion,1,0,0
3/28/20,Clearfield,2,0,0
3/28/20,Columbia,4,0,0
3/28/20,Crawford,2,0,0
3/28/20,Cumberland,22,0,1
3/28/20,Dauphin,23,0,0
3/28/20,Delaware,226,0,4
3/28/20,Erie,7,0,0
3/28/20,Fayette,10,0,0
3/28/20,Franklin,7,0,0
3/28/20,Greene,6,0,0
3/28/20,Huntingdon,1,0,0
3/28/20,Indiana,2,0,0
3/28/20,Juniata,1,0,0
3/28/20,Lackawanna,51,0,2
3/28/20,Lancaster,45,0,1
3/28/20,Lawrence,8,0,0
3/28/20,Lebanon,15,0,0
3/28/20,Lehigh,109,0,3
3/28/20,Luzerne,65,0,2
3/28/20,Lycoming,2,0,0
3/28/20,McKean,1,0,0
3/28/20,Mercer,6,0,0
3/28/20,Monroe,106,0,2
3/28/20,Montgomery,411,0,5
3/28/20,Montour,5,0,0
3/28/20,Northampton,94,0,4
3/28/20,Northumberland,1,0,0
3/28/20,Perry,1,0,0
3/28/20,Philadelphia,709,0,5
3/28/20,Pike,27,0,1
3/28/20,Potter,2,0,0
3/28/20,Schuylkill,16,0,0
3/28/20,Snyder,1,0,0
3/28/20,Somerset,2,0,0
3/28/20,Susquehanna,1,0,0
3/28/20,Tioga,1,0,0
3/28/20,Warren,1,0,0
3/28/20,Washington,23,0,0
3/28/20,Wayne,6,0,0
3/28/20,Westmoreland,41,0,0
3/28/20,York,37,0,0
3/27/20,Adams,8,0,0
3/27/20,Allegheny,158,0,2
3/27/20,Armstrong,1,0,0
3/27/20,Beaver,14,0,0
3/27/20,Berks,65,0,0
3/27/20,Blair,1,0,0
3/27/20,Bradford,2,0,0
3/27/20,Bucks,124,0,0
3/27/20,Butler,26,0,1
3/27/20,Cambria,1,0,0
3/27/20,Carbon,2,0,0
3/27/20,Centre,11,0,0
3/27/20,Chester,107,0,0
3/27/20,Clearfield,2,0,0
3/27/20,Columbia,3,0,0
3/27/20,Crawford,1,0,0
3/27/20,Cumberland,16,0,0
3/27/20,Dauphin,18,0,0
3/27/20,Delaware,185,0,3
3/27/20,Erie,7,0,0
3/27/20,Fayette,9,0,0
3/27/20,Franklin,5,0,0
3/27/20,Greene,4,0,0
3/27/20,Indiana,2,0,0
3/27/20,Juniata,1,0,0
3/27/20,Lackawanna,35,0,2
3/27/20,Lancaster,33,0,0
3/27/20,Lawrence,4,0,0
3/27/20,Lebanon,12,0,0
3/27/20,Lehigh,93,0,2
3/27/20,Luzerne,55,0,2
3/27/20,Lycoming,2,0,0
3/27/20,Mercer,4,0,0
3/27/20,Monroe,98,0,2
3/27/20,Montgomery,374,0,3
3/27/20,Montour,4,0,0
3/27/20,Northampton,79,0,3
3/27/20,Northumberland,1,0,0
3/27/20,Philadelphia,530,0,2
3/27/20,Pike,23,0,0
3/27/20,Potter,1,0,0
3/27/20,Schuylkill,13,0,0
3/27/20,Somerset,2,0,0
3/27/20,Susquehanna,1,0,0
3/27/20,Union,1,0,0
3/27/20,Warren,1,0,0
3/27/20,Washington,14,0,0
3/27/20,Wayne,6,0,0
3/27/20,Westmoreland,30,0,0
3/27/20,York,29,0,0
3/26/20,Adams,7,0,0
3/26/20,Allegheny,133,0,2
3/26/20,Armstrong,1,0,0
3/26/20,Beaver,13,0,0
3/26/20,Berks,36,0,0
3/26/20,Blair,1,0,0
3/26/20,Bradford,2,0,0
3/26/20,Bucks,107,0,0
3/26/20,Butler,19,0,1
3/26/20,Cambria,1,0,0
3/26/20,Carbon,2,0,0
3/26/20,Centre,9,0,0
3/26/20,Chester,84,0,0
3/26/20,Clearfield,2,0,0
3/26/20,Columbia,3,0,0
3/26/20,Crawford,1,0,0
3/26/20,Cumberland,15,0,0
3/26/20,Dauphin,13,0,0
3/26/20,Delaware,156,0,1
3/26/20,Erie,4,0,0
3/26/20,Fayette,8,0,0
3/26/20,Franklin,5,0,0
3/26/20,Greene,3,0,0
3/26/20,Indiana,1,0,0
3/26/20,Juniata,1,0,0
3/26/20,Lackawanna,28,0,2
3/26/20,Lancaster,21,0,0
3/26/20,Lawrence,1,0,0
3/26/20,Lebanon,4,0,0
3/26/20,Lehigh,63,0,1
3/26/20,Luzerne,36,0,1
3/26/20,Lycoming,1,0,0
3/26/20,Mercer,3,0,0
3/26/20,Monroe,67,0,2
3/26/20,Montgomery,282,0,2
3/26/20,Montour,4,0,0
3/26/20,Northampton,56,0,3
3/26/20,Philadelphia,402,0,1
3/26/20,Pike,15,0,0
3/26/20,Potter,1,0,0
3/26/20,Schuylkill,9,0,0
3/26/20,Somerset,2,0,0
3/26/20,Susquehanna,1,0,0
3/26/20,Warren,1,0,0
3/26/20,Washington,12,0,0
3/26/20,Wayne,6,0,0
3/26/20,Westmoreland,24,0,0
3/26/20,York,21,0,0
3/25/20,Adams,6,0,0
3/25/20,Allegheny,88,0,2
3/25/20,Armstrong,0,0,0
3/25/20,Beaver,7,0,0
3/25/20,Berks,20,0,0
3/25/20,Bradford,0,0,0
3/25/20,Bucks,86,0,0
3/25/20,Butler,12,0,0
3/25/20,Cambria,0,0,0
3/25/20,Carbon,0,0,0
3/25/20,Centre,8,0,0
3/25/20,Chester,54,0,0
3/25/20,Clearfield,0,0,0
3/25/20,Columbia,0,0,0
3/25/20,Cumberland,13,0,0
3/25/20,Dauphin,10,0,0
3/25/20,Delaware,101,0,0
3/25/20,Erie,4,0,0
3/25/20,Fayette,4,0,0
3/25/20,Franklin,5,0,0
3/25/20,Greene,0,0,0
3/25/20,Juniata,0,0,0
3/25/20,Lackawanna,18,0,2
3/25/20,Lancaster,12,0,0
3/25/20,Lawrence,0,0,0
3/25/20,Lebanon,0,0,0
3/25/20,Lehigh,38,0,0
3/25/20,Luzerne,27,0,0
3/25/20,Lycoming,0,0,0
3/25/20,Mercer,0,0,0
3/25/20,Monroe,51,0,0
3/25/20,Montgomery,172,0,0
3/25/20,Montour,4,0,0
3/25/20,Northampton,44,0,3
3/25/20,Philadelphia,257,0,0
3/25/20,Pike,9,0,0
3/25/20,Potter,0,0,0
3/25/20,Schuylkill,6,0,0
3/25/20,Somerset,2,0,0
3/25/20,Warren,0,0,0
3/25/20,Washington,10,0,0
3/25/20,Wayne,4,0,0
3/25/20,Westmoreland,16,0,0
3/25/20,York,20,0,0
3/24/20,Adams,6,0,0
3/24/20,Allegheny,58,0,2
3/24/20,Armstrong,0,0,0
3/24/20,Beaver,3,0,0
3/24/20,Berks,16,0,0
3/24/20,Bradford,0,0,0
3/24/20,Bucks,65,0,0
3/24/20,Butler,0,0,0
3/24/20,Cambria,0,0,0
3/24/20,Carbon,0,0,0
3/24/20,Centre,0,0,0
3/24/20,Chester,40,0,0
3/24/20,Clearfield,0,0,0
3/24/20,Columbia,0,0,0
3/24/20,Cumberland,13,0,0
3/24/20,Dauphin,4,0,0
3/24/20,Delaware,84,0,0
3/24/20,Erie,4,0,0
3/24/20,Fayette,0,0,0
3/24/20,Franklin,0,0,0
3/24/20,Juniata,0,0,0
3/24/20,Lackawanna,15,0,0
3/24/20,Lancaster,10,0,0
3/24/20,Lebanon,0,0,0
3/24/20,Lehigh,27,0,0
3/24/20,Luzerne,21,0,0
3/24/20,Mercer,0,0,0
3/24/20,Monroe,45,0,0
3/24/20,Montgomery,144,0,0
3/24/20,Montour,0,0,0
3/24/20,Northampton,33,0,0
3/24/20,Philadelphia,177,0,0
3/24/20,Pike,4,0,0
3/24/20,Potter,0,0,0
3/24/20,Schuylkill,0,0,0
3/24/20,Somerset,0,0,0
3/24/20,Washington,9,0,0
3/24/20,Wayne,4,0,0
3/24/20,Westmoreland,11,0,0
3/24/20,York,18,0,0
3/23/20,Adams,6,0,0
3/23/20,Allegheny,48,0,0
3/23/20,Beaver,3,0,0
3/23/20,Berks,14,0,0
3/23/20,Bucks,43,0,0
3/23/20,Butler,0,0,0
3/23/20,Cambria,0,0,0
3/23/20,Centre,0,0,0
3/23/20,Chester,40,0,0
3/23/20,Columbia,0,0,0
3/23/20,Cumberland,12,0,0
3/23/20,Dauphin,0,0,0
3/23/20,Delaware,54,0,0
3/23/20,Erie,3,0,0
3/23/20,Fayette,0,0,0
3/23/20,Franklin,0,0,0
3/23/20,Lackawanna,7,0,0
3/23/20,Lancaster,5,0,0
3/23/20,Lebanon,0,0,0
3/23/20,Lehigh,25,0,0
3/23/20,Luzerne,10,0,0
3/23/20,Mercer,0,0,0
3/23/20,Monroe,43,0,0
3/23/20,Montgomery,129,0,0
3/23/20,Montour,0,0,0
3/23/20,Northampton,23,0,0
3/23/20,Philadelphia,128,0,0
3/23/20,Pike,3,0,0
3/23/20,Potter,0,0,0
3/23/20,Schuylkill,0,0,0
3/23/20,Washington,7,0,0
3/23/20,Wayne,3,0,0
3/23/20,Westmoreland,6,0,0
3/23/20,York,10,0,0
3/22/20,Adams,5,0,0
3/22/20,Allegheny,40,0,0
3/22/20,Beaver,3,0,0
3/22/20,Berks,13,0,0
3/22/20,Bucks,32,0,0
3/22/20,Butler,0,0,0
3/22/20,Centre,0,0,0
3/22/20,Chester,23,0,0
3/22/20,Columbia,0,0,0
3/22/20,Cumberland,11,0,0
3/22/20,Dauphin,0,0,0
3/22/20,Delaware,43,0,0
3/22/20,Erie,2,0,0
3/22/20,Fayette,0,0,0
3/22/20,Franklin,0,0,0
3/22/20,Lackawanna,6,0,0
3/22/20,Lancaster,6,0,0
3/22/20,Lebanon,0,0,0
3/22/20,Lehigh,19,0,0
3/22/20,Luzerne,7,0,0
3/22/20,Mercer,0,0,0
3/22/20,Monroe,31,0,0
3/22/20,Montgomery,87,0,0
3/22/20,Montour,0,0,0
3/22/20,Northampton,21,0,0
3/22/20,Philadelphia,91,0,0
3/22/20,Pike,3,0,0
3/22/20,Potter,0,0,0
3/22/20,Schuylkill,0,0,0
3/22/20,Washington,7,0,0
3/22/20,Wayne,2,0,0
3/22/20,Westmoreland,4,0,0
3/22/20,York,10,0,0
3/21/20,Adams,4,0,0
3/21/20,Allegheny,31,0,0
3/21/20,Beaver,3,0,0
3/21/20,Berks,7,0,0
3/21/20,Bucks,24,0,0
3/21/20,Butler,0,0,0
3/21/20,Centre,0,0,0
3/21/20,Chester,19,0,0
3/21/20,Cumberland,11,0,0
3/21/20,Delaware,33,0,0
3/21/20,Erie,0,0,0
3/21/20,Franklin,0,0,0
3/21/20,Lackawanna,5,0,0
3/21/20,Lancaster,4,0,0
3/21/20,Lebanon,0,0,0
3/21/20,Lehigh,13,0,0
3/21/20,Luzerne,6,0,0
3/21/20,Monroe,25,0,0
3/21/20,Montgomery,71,0,0
3/21/20,Montour,0,0,0
3/21/20,Northampton,17,0,0
3/21/20,Philadelphia,69,0,0
3/21/20,Pike,2,0,0
3/21/20,Potter,0,0,0
3/21/20,Washington,5,0,0
3/21/20,Wayne,1,0,0
3/21/20,Westmoreland,4,0,0
3/21/20,York,9,0,0
3/20/20,Adams,4,0,0
3/20/20,Allegheny,28,0,0
3/20/20,Beaver,3,0,0
3/20/20,Berks,5,0,0
3/20/20,Bucks,16,0,0
3/20/20,Centre,0,0,0
3/20/20,Chester,17,0,0
3/20/20,Cumberland,11,0,0
3/20/20,Delaware,23,0,0
3/20/20,Erie,0,0,0
3/20/20,Franklin,0,0,0
3/20/20,Lackawanna,4,0,0
3/20/20,Lancaster,2,0,0
3/20/20,Lebanon,0,0,0
3/20/20,Lehigh,2,0,0
3/20/20,Luzerne,2,0,0
3/20/20,Monroe,19,0,0
3/20/20,Montgomery,59,0,0
3/20/20,Northampton,10,0,0
3/20/20,Philadelphia,42,0,0
3/20/20,Pike,2,0,0
3/20/20,Potter,0,0,0
3/20/20,Washington,3,0,0
3/20/20,Wayne,1,0,0
3/20/20,Westmoreland,4,0,0
3/20/20,York,6,0,0
3/19/20,Adams,1,0,0
3/19/20,Allegheny,16,0,0
3/19/20,Beaver,2,0,0
3/19/20,Berks,1,0,0
3/19/20,Bucks,12,0,0
3/19/20,Chester,10,0,0
3/19/20,Cumberland,11,0,0
3/19/20,Delaware,14,0,0
3/19/20,Lackawanna,2,0,0
3/19/20,Lancaster,2,0,0
3/19/20,Lebanon,1,0,0
3/19/20,Lehigh,1,0,0
3/19/20,Luzerne,1,0,0
3/19/20,Monroe,15,0,0
3/19/20,Montgomery,47,0,0
3/19/20,Northampton,5,0,0
3/19/20,Philadelphia,33,0,0
3/19/20,Pike,3,0,0
3/19/20,Washington,3,0,0
3/19/20,Wayne,1,0,0
3/19/20,Westmoreland,2,0,0
3/19/20,York,2,0,0
3/18/20,Allegheny,11,0,0
3/18/20,Beaver,2,0,0
3/18/20,Berks,0,0,0
3/18/20,Bucks,9,0,0
3/18/20,Chester,9,0,0
3/18/20,Cumberland,10,0,0
3/18/20,Delaware,14,0,0
3/18/20,Lackawanna,0,0,0
3/18/20,Lehigh,1,0,0
3/18/20,Luzerne,1,0,0
3/18/20,Monroe,7,0,0
3/18/20,Montgomery,42,0,0
3/18/20,Northampton,1,0,0
3/18/20,Philadelphia,17,0,0
3/18/20,Pike,2,0,0
3/18/20,Washington,2,0,0
3/18/20,Wayne,1,0,0
3/18/20,York,0,0,0
3/17/20,Allegheny,7,0,0
3/17/20,Beaver,1,0,0
3/17/20,Bucks,8,0,0
3/17/20,Chester,4,0,0
3/17/20,Cumberland,10,0,0
3/17/20,Delaware,9,0,0
3/17/20,Lehigh,1,0,0
3/17/20,Luzerne,1,0,0
3/17/20,Monroe,8,0,0
3/17/20,Montgomery,32,0,0
3/17/20,Northampton,1,0,0
3/17/20,Philadelphia,10,0,0
3/17/20,Pike,1,0,0
3/17/20,Washington,2,0,0
3/17/20,Wayne,1,0,0
3/16/20,Allegheny,5,0,0
3/16/20,Bucks,5,0,0
3/16/20,Chester,2,0,0
3/16/20,Cumberland,5,0,0
3/16/20,Delaware,7,0,0
3/16/20,Lehigh,1,0,0
3/16/20,Luzerne,1,0,0
3/16/20,Monroe,8,0,0
3/16/20,Montgomery,30,0,0
3/16/20,Northampton,1,0,0
3/16/20,Philadelphia,8,0,0
3/16/20,Pike,1,0,0
3/16/20,Wayne,1,0,0
3/16/20,Washington,1,0,0
3/15/20,Allegheny,3,0,0
3/15/20,Bucks,4,0,0
3/15/20,Chester,2,0,0
3/15/20,Cumberland,5,0,0
3/15/20,Delaware,7,0,0
3/15/20,Lehigh,1,0,0
3/15/20,Luzerne,1,0,0
3/15/20,Monroe,6,0,0
3/15/20,Montgomery,24,0,0
3/15/20,Northampton,1,0,0
3/15/20,Philadelphia,6,0,0
3/15/20,Pike,1,0,0
3/15/20,Washington,1,0,0
3/15/20,Wayne,1,0,0
3/14/20,Allegheny,2,0,0
3/14/20,Bucks,3,0,0
3/14/20,Chester,2,0,0
3/14/20,Cumberland,3,0,0
3/14/20,Delaware,6,0,0
3/14/20,Monroe,3,0,0
3/14/20,Montgomery,20,0,0
3/14/20,Northampton,1,0,0
3/14/20,Philadelphia,4,0,0
3/14/20,Pike,1,0,0
3/14/20,Washington,1,0,0
3/14/20,Wayne,1,0,0
3/13/20,Bucks,3,0,0
3/13/20,Chester,1,0,0
3/13/20,Cumberland,3,0,0
3/13/20,Delaware,6,0,0
3/13/20,Monroe,3,0,0
3/13/20,Montgomery,18,0,0
3/13/20,Northampton,1,0,0
3/13/20,Philadelphia,3,0,0
3/13/20,Pike,1,0,0
3/13/20,Washington,1,0,0
3/13/20,Wayne,1,0,0
3/12/20,Bucks,2,0,0
3/12/20,Delaware,1,0,0
3/12/20,Monroe,2,0,0
3/12/20,Montgomery,13,0,0
3/12/20,Northampton,1,0,0
3/12/20,Philadelphia,1,0,0
3/12/20,Pike,1,0,0
3/12/20,Wayne,1,0,0
3/11/20,Bucks,2,0,0
3/11/20,Delaware,1,0,0
3/11/20,Monroe,2,0,0
3/11/20,Montgomery,9,0,0
3/11/20,Philadelphia,1,0,0
3/11/20,Wayne,1,0,0
3/10/20,Delaware,1,0,0
3/10/20,Monroe,1,0,0
3/10/20,Montgomery,8,0,0
3/10/20,Philadelphia,1,0,0
3/10/20,Wayne,1,0,0
3/9/20,Delaware,1,0,0
3/9/20,Monroe,1,0,0
3/9/20,Montgomery,7,0,0
3/9/20,Wayne,1,0,0
3/8/20,Delaware,1,0,0
3/8/20,Montgomery,4,0,0
3/8/20,Wayne,1,0,0
3/7/20,Delaware,1,0,0
3/7/20,Montgomery,2,0,0
3/7/20,Wayne,1,0,0
3/6/20,Delaware,1,0,0
3/6/20,Wayne,1,0,0
5/2/20,Adams,141,1605,4
5/2/20,Allegheny,1333,16646,102
5/2/20,Armstrong,52,710,2
5/2/20,Beaver,435,2142,68
5/2/20,Bedford,24,214,1
5/2/20,Berks,2810,5786,118
5/2/20,Blair,23,1035,0
5/2/20,Bradford,35,698,2
5/2/20,Bucks,3182,8881,237
5/2/20,Butler,180,2304,6
5/2/20,Cambria,32,1299,1
5/2/20,Cameron,1,53,0
5/2/20,Carbon,182,1096,15
5/2/20,Centre,96,950,1
5/2/20,Chester,1469,5609,117
5/2/20,Clarion,23,493,1
5/2/20,Clearfield,16,455,0
5/2/20,Clinton,34,252,0
5/2/20,Columbia,290,657,13
5/2/20,Crawford,19,699,0
5/2/20,Cumberland,365,1585,17
5/2/20,Dauphin,617,3783,25
5/2/20,Delaware,3999,9391,255
5/2/20,Elk,4,171,0
5/2/20,Erie,90,2034,2
5/2/20,Fayette,82,1878,4
5/2/20,Forest,7,30,0
5/2/20,Franklin,325,3053,8
5/2/20,Fulton,6,89,0
5/2/20,Greene,27,429,0
5/2/20,Huntingdon,48,307,0
5/2/20,Indiana,63,755,4
5/2/20,Jefferson,6,322,0
5/2/20,Juniata,84,161,1
5/2/20,Lackawanna,968,2656,83
5/2/20,Lancaster,1904,8148,112
5/2/20,Lawrence,65,758,6
5/2/20,Lebanon,710,2724,10
5/2/20,Lehigh,2896,7508,83
5/2/20,Luzerne,2211,5229,97
5/2/20,Lycoming,81,1173,1
5/2/20,McKean,6,175,0
5/2/20,Mercer,66,772,1
5/2/20,Mifflin,38,700,0
5/2/20,Monroe,1165,2825,55
5/2/20,Montgomery,4487,17930,369
5/2/20,Montour,49,2966,0
5/2/20,Northampton,2182,6548,94
5/2/20,Northumberland,98,615,0
5/2/20,Perry,33,233,1
5/2/20,Philadelphia,12948,29612,422
5/2/20,Pike,394,1294,15
5/2/20,Potter,4,84,0
5/2/20,Schuylkill,384,2136,7
5/2/20,Snyder,33,204,1
5/2/20,Somerset,29,621,1
5/2/20,Sullivan,1,34,0
5/2/20,Susquehanna,84,302,9
5/2/20,Tioga,16,256,1
5/2/20,Union,38,570,0
5/2/20,Venango,7,256,0
5/2/20,Warren,1,180,0
5/2/20,Washington,118,2195,2
5/2/20,Wayne,104,544,5
5/2/20,Westmoreland,396,4749,26
5/2/20,Wyoming,25,175,2
5/2/20,York,664,7327,11
5/3/20,Adams,145,1633,4
5/3/20,Allegheny,1345,16851,102
5/3/20,Armstrong,52,717,2
5/3/20,Beaver,435,2152,68
5/3/20,Bedford,24,225,1
5/3/20,Berks,2886,5948,118
5/3/20,Blair,24,1079,0
5/3/20,Bradford,35,708,2
5/3/20,Bucks,3286,9121,240
5/3/20,Butler,180,2326,6
5/3/20,Cambria,33,1382,1
5/3/20,Cameron,1,54,0
5/3/20,Carbon,183,1122,15
5/3/20,Centre,102,1016,1
5/3/20,Chester,1502,5740,117
5/3/20,Clarion,23,500,1
5/3/20,Clearfield,21,474,0
5/3/20,Clinton,32,270,0
5/3/20,Columbia,291,693,13
5/3/20,Crawford,19,708,0
5/3/20,Cumberland,373,1670,18
5/3/20,Dauphin,634,3881,28
5/3/20,Delaware,4113,9723,255
5/3/20,Elk,4,177,0
5/3/20,Erie,91,2118,2
5/3/20,Fayette,83,1908,4
5/3/20,Forest,7,30,0
5/3/20,Franklin,351,3120,8
5/3/20,Fulton,6,92,0
5/3/20,Greene,27,438,1
5/3/20,Huntingdon,56,320,0
5/3/20,Indiana,69,773,4
5/3/20,Jefferson,6,325,0
5/3/20,Juniata,86,167,1
5/3/20,Lackawanna,999,2767,86
5/3/20,Lancaster,1936,8342,112
5/3/20,Lawrence,65,767,6
5/3/20,Lebanon,735,2790,10
5/3/20,Lehigh,2924,7626,83
5/3/20,Luzerne,2240,5381,97
5/3/20,Lycoming,85,1215,2
5/3/20,McKean,6,183,0
5/3/20,Mercer,66,785,1
5/3/20,Mifflin,39,734,0
5/3/20,Monroe,1172,2880,55
5/3/20,Montgomery,4552,18185,381
5/3/20,Montour,50,2966,0
5/3/20,Northampton,2214,6656,94
5/3/20,Northumberland,99,639,0
5/3/20,Perry,34,247,1
5/3/20,Philadelphia,13179,30370,423
5/3/20,Pike,405,1316,16
5/3/20,Potter,4,86,0
5/3/20,Schuylkill,395,2192,7
5/3/20,Snyder,33,222,1
5/3/20,Somerset,29,638,1
5/3/20,Sullivan,1,37,0
5/3/20,Susquehanna,85,313,9
5/3/20,Tioga,16,260,1
5/3/20,Union,38,584,0
5/3/20,Venango,7,264,0
5/3/20,Warren,1,184,0
5/3/20,Washington,119,2236,2
5/3/20,Wayne,109,565,5
5/3/20,Westmoreland,401,4842,26
5/3/20,Wyoming,25,182,2
5/3/20,York,679,7459,11